gene_family,target_name
3FTx-LNTX,Genome_Toxin1160_3FTx
3FTx-LNTX,Genome_Toxin1166_3FTx
3FTx-LNTX,Genome_Toxin1221_3FTx
3FTx-LNTX,Genome_Toxin1250_3FTx
3FTx-LNTX,Genome_Toxin1273_3FTx
3FTx-LNTX,Genome_Toxin1278_3FTx
3FTx-LNTX,Genome_Toxin1365_3FTx
3FTx-LNTX,Genome_Toxin1369_3FTx
3FTx-LNTX,Genome_Toxin1453_3FTx
3FTx-LNTX,Genome_Toxin1463_3FTx
3FTx-LNTX,Genome_Toxin1465_3FTx
3FTx-LNTX,Genome_Toxin1565_3FTx
3FTx-LNTX,Genome_Toxin1581_3FTx
3FTx-LNTX,Sangercluster_103
3FTx-LNTX,Sangercluster_113
3FTx-LNTX,Sangercluster_134
3FTx-LNTX,Transcriptome_3FTX
3FTx-NC,Genome_Toxin2272_3FTx
3FTx-NC,LOC113439757_exon-1_|_GCF_900518735.1_EBS10Xv2
3FTx-NC,LOC113439757_exon-2_|_GCF_900518735.1_EBS10Xv2
3FTx-NC,LOC113439757_exon-3_|_GCF_900518735.1_EBS10Xv2
3FTx-NC,LOC113439757_exon-3_|_GCF_900518735.1_EBS10Xv2_9
3FTx-NC,LOC113439757_exon-4_|_GCF_900518735.1_EBS10Xv2
3FTx-SNTX,Genome_Toxin1127_3FTx
3FTx-SNTX,Genome_Toxin1143_3FTx
3FTx-SNTX,Genome_Toxin1151_3FTx
3FTx-SNTX,Genome_Toxin1152_3FTx
3FTx-SNTX,Genome_Toxin1257_3FTx
3FTx-SNTX,Genome_Toxin1358_3FTx
3FTx-SNTX,Genome_Toxin1422_3FTx
3FTx-SNTX,Genome_Toxin1451_3FTx
3FTx-SNTX,Genome_Toxin1483_3FTx
3FTx-SNTX,Genome_Toxin1638_3FTx
3FTx-SNTX,LOC113438320_exon-1_|_GCF_900518735.1_EBS10Xv2
3FTx-SNTX,LOC113438320_exon-2_|_GCF_900518735.1_EBS10Xv2
3FTx-SNTX,LOC113438321_exon-3_|_GCF_900518735.1_EBS10Xv2
3FTx-SNTX,LOC113439759_exon-1_|_GCF_900518735.1_EBS10Xv2
3FTx-SNTX,LOC113439759_exon-2_|_GCF_900518735.1_EBS10Xv2
3FTx-SNTX,Sangercluster_106
3FTx-SNTX,Sangercluster_125
3FTx-SNTX,Sangercluster_132
3FTx-SNTX,Sangercluster_135
3FTx-SNTX,Sangercluster_4
5NUC,Genome_Toxin2354_NUC
5NUC,Genome_Toxin2397_NUC
5NUC,Genome_Toxin2423_NUC
5NUC,Genome_Toxin2424_NUC
5NUC,Genome_Toxin2439_NUC
5NUC,LOC113453845_exon-1_|_GCF_900518735.1_EBS10Xv2
5NUC,LOC113453845_exon-5_|_GCF_900518735.1_EBS10Xv2
5NUC,NT5E_exon-1_|_GCF_900518735.1_EBS10Xv2
5NUC,NT5E_exon-2_|_GCF_900518735.1_EBS10Xv2
5NUC,NT5E_exon-3_|_GCF_900518735.1_EBS10Xv2
5NUC,NT5E_exon-4_|_GCF_900518735.1_EBS10Xv2
5NUC,NT5E_exon-6_|_GCF_900518735.1_EBS10Xv2
5NUC,NT5E_exon-7_|_GCF_900518735.1_EBS10Xv2
5NUC,NT5E_exon-8_|_GCF_900518735.1_EBS10Xv2
5NUC,NT5E_exon-9_|_GCF_900518735.1_EBS10Xv2
5NUC,Sangercluster_22
5NUC,Sangercluster_24
5NUC,Sangercluster_94
AARS,LARS2_exon-1_|_GCF_900518735.1_EBS10Xv2
AARS,LARS2_exon-10_|_GCF_900518735.1_EBS10Xv2
AARS,LARS2_exon-11_|_GCF_900518735.1_EBS10Xv2
AARS,LARS2_exon-12_|_GCF_900518735.1_EBS10Xv2
AARS,LARS2_exon-13_|_GCF_900518735.1_EBS10Xv2
AARS,LARS2_exon-14_|_GCF_900518735.1_EBS10Xv2
AARS,LARS2_exon-15_|_GCF_900518735.1_EBS10Xv2
AARS,LARS2_exon-16_|_GCF_900518735.1_EBS10Xv2
AARS,LARS2_exon-17_|_GCF_900518735.1_EBS10Xv2
AARS,LARS2_exon-2_|_GCF_900518735.1_EBS10Xv2
AARS,LARS2_exon-3_|_GCF_900518735.1_EBS10Xv2
AARS,LARS2_exon-4_|_GCF_900518735.1_EBS10Xv2
AARS,LARS2_exon-5_|_GCF_900518735.1_EBS10Xv2
AARS,LARS2_exon-6_|_GCF_900518735.1_EBS10Xv2
AARS,LARS2_exon-7_|_GCF_900518735.1_EBS10Xv2
AARS,LARS2_exon-8_|_GCF_900518735.1_EBS10Xv2
AARS,LARS2_exon-9_|_GCF_900518735.1_EBS10Xv2
AChE-CES,ACHE_exon-1_|_GCF_900518735.1_EBS10Xv2
AChE-CES,ACHE_exon-2_|_GCF_900518735.1_EBS10Xv2
AChE-CES,BCHE_exon-1_|_GCF_900518735.1_EBS10Xv2
AChE-CES,BCHE_exon-2_|_GCF_900518735.1_EBS10Xv2
AChE-CES,BCHE_exon-3_|_GCF_900518735.1_EBS10Xv2
AChE-CES,BCHE_exon-4_|_GCF_900518735.1_EBS10Xv2
AChE-CES,BCHE_exon-5_|_GCF_900518735.1_EBS10Xv2
AChE-CES,CEL_exon-1_|_GCF_900518735.1_EBS10Xv2
AChE-CES,CEL_exon-10_|_GCF_900518735.1_EBS10Xv2
AChE-CES,CEL_exon-11_|_GCF_900518735.1_EBS10Xv2
AChE-CES,CEL_exon-2_|_GCF_900518735.1_EBS10Xv2
AChE-CES,CEL_exon-3_|_GCF_900518735.1_EBS10Xv2
AChE-CES,CEL_exon-4_|_GCF_900518735.1_EBS10Xv2
AChE-CES,CEL_exon-5_|_GCF_900518735.1_EBS10Xv2
AChE-CES,CEL_exon-6_|_GCF_900518735.1_EBS10Xv2
AChE-CES,CEL_exon-7_|_GCF_900518735.1_EBS10Xv2
AChE-CES,CEL_exon-8_|_GCF_900518735.1_EBS10Xv2
AChE-CES,CEL_exon-9_|_GCF_900518735.1_EBS10Xv2
AChE-CES,Genome_Toxin2557_AChE
AChE-CES,LOC113445339_exon-1_|_GCF_900518735.1_EBS10Xv2
AChE-CES,LOC113445339_exon-10_|_GCF_900518735.1_EBS10Xv2
AChE-CES,LOC113445339_exon-11_|_GCF_900518735.1_EBS10Xv2
AChE-CES,LOC113445339_exon-12_|_GCF_900518735.1_EBS10Xv2
AChE-CES,LOC113445339_exon-13_|_GCF_900518735.1_EBS10Xv2
AChE-CES,LOC113445339_exon-2_|_GCF_900518735.1_EBS10Xv2
AChE-CES,LOC113445339_exon-3_|_GCF_900518735.1_EBS10Xv2
AChE-CES,LOC113445339_exon-4_|_GCF_900518735.1_EBS10Xv2
AChE-CES,LOC113445339_exon-5_|_GCF_900518735.1_EBS10Xv2
AChE-CES,LOC113445339_exon-6_|_GCF_900518735.1_EBS10Xv2
AChE-CES,LOC113445339_exon-7_|_GCF_900518735.1_EBS10Xv2
AChE-CES,LOC113445339_exon-8_|_GCF_900518735.1_EBS10Xv2
AChE-CES,LOC113445339_exon-9_|_GCF_900518735.1_EBS10Xv2
AChE-CES,LOC113445341_exon-1_|_GCF_900518735.1_EBS10Xv2
AChE-CES,LOC113445341_exon-10_|_GCF_900518735.1_EBS10Xv2
AChE-CES,LOC113445341_exon-11_|_GCF_900518735.1_EBS10Xv2
AChE-CES,LOC113445341_exon-12_|_GCF_900518735.1_EBS10Xv2
AChE-CES,LOC113445341_exon-13_|_GCF_900518735.1_EBS10Xv2
AChE-CES,LOC113445341_exon-2_|_GCF_900518735.1_EBS10Xv2
AChE-CES,LOC113445341_exon-3_|_GCF_900518735.1_EBS10Xv2
AChE-CES,LOC113445341_exon-4_|_GCF_900518735.1_EBS10Xv2
AChE-CES,LOC113445341_exon-5_|_GCF_900518735.1_EBS10Xv2
AChE-CES,LOC113445341_exon-6_|_GCF_900518735.1_EBS10Xv2
AChE-CES,LOC113445341_exon-7_|_GCF_900518735.1_EBS10Xv2
AChE-CES,LOC113445341_exon-8_|_GCF_900518735.1_EBS10Xv2
AChE-CES,LOC113445341_exon-9_|_GCF_900518735.1_EBS10Xv2
AChE-CES,LOC113449611_exon-1_|_GCF_900518735.1_EBS10Xv2
AChE-CES,LOC113449611_exon-2_|_GCF_900518735.1_EBS10Xv2
AChE-CES,LOC113449611_exon-3_|_GCF_900518735.1_EBS10Xv2
AChE-CES,LOC113449611_exon-4_|_GCF_900518735.1_EBS10Xv2
AChE-CES,LOC113449611_exon-5_|_GCF_900518735.1_EBS10Xv2
AChE-CES,LOC113449613_exon-1_|_GCF_900518735.1_EBS10Xv2
AChE-CES,LOC113449613_exon-2_|_GCF_900518735.1_EBS10Xv2
AChE-CES,LOC113449613_exon-3_|_GCF_900518735.1_EBS10Xv2
AChE-CES,LOC113449613_exon-4_|_GCF_900518735.1_EBS10Xv2
AChE-CES,LOC113449649_exon-1_|_GCF_900518735.1_EBS10Xv2
AChE-CES,LOC113449649_exon-3_|_GCF_900518735.1_EBS10Xv2
AChE-CES,LOC113449649_exon-4_|_GCF_900518735.1_EBS10Xv2
AChE-CES,LOC113449649_exon-5_|_GCF_900518735.1_EBS10Xv2
AChE-CES,LOC113450850_exon-1_|_GCF_900518735.1_EBS10Xv2
AChE-CES,LOC113450850_exon-4_|_GCF_900518735.1_EBS10Xv2
AChE-CES,LOC113450851_exon-1_|_GCF_900518735.1_EBS10Xv2
AChE-CES,LOC113450851_exon-3_|_GCF_900518735.1_EBS10Xv2
AChE-CES,LOC113450851_exon-4_|_GCF_900518735.1_EBS10Xv2
AChE-CES,LOC113450851_exon-5_|_GCF_900518735.1_EBS10Xv2
AChE-CES,NLGN1_exon-1_|_GCF_900518735.1_EBS10Xv2
AChE-CES,NLGN1_exon-2_|_GCF_900518735.1_EBS10Xv2
AChE-CES,NLGN1_exon-2_|_GCF_900518735.1_EBS10Xv2_10
AChE-CES,NLGN1_exon-2_|_GCF_900518735.1_EBS10Xv2_11
AChE-CES,NLGN1_exon-3_|_GCF_900518735.1_EBS10Xv2
AChE-CES,NLGN1_exon-4_|_GCF_900518735.1_EBS10Xv2
AChE-CES,NLGN1_exon-5_|_GCF_900518735.1_EBS10Xv2
AChE-CES,NLGN3_exon-1_|_GCF_900518735.1_EBS10Xv2
AChE-CES,NLGN3_exon-1_|_GCF_900518735.1_EBS10Xv2_22
AChE-CES,NLGN3_exon-2_|_GCF_900518735.1_EBS10Xv2
AChE-CES,NLGN3_exon-3_|_GCF_900518735.1_EBS10Xv2
AChE-CES,NLGN3_exon-4_|_GCF_900518735.1_EBS10Xv2
AChE-CES,NLGN3_exon-5_|_GCF_900518735.1_EBS10Xv2
AChE-CES,NLGN4X_exon-1_|_GCF_900518735.1_EBS10Xv2
AChE-CES,NLGN4X_exon-5_|_GCF_900518735.1_EBS10Xv2
AChE-CES,NLGN4X_exon-6_|_GCF_900518735.1_EBS10Xv2
AChE-CES,NLGN4X_exon-7_|_GCF_900518735.1_EBS10Xv2
AChE-CES,NLGN4X_exon-8_|_GCF_900518735.1_EBS10Xv2
AChE-CES,NLGN4X_exon-9_|_GCF_900518735.1_EBS10Xv2
AChE-CES,TG_exon-1_|_GCF_900518735.1_EBS10Xv2
AChE-CES,TG_exon-10_|_GCF_900518735.1_EBS10Xv2
AChE-CES,TG_exon-11_|_GCF_900518735.1_EBS10Xv2
AChE-CES,TG_exon-12_|_GCF_900518735.1_EBS10Xv2
AChE-CES,TG_exon-13_|_GCF_900518735.1_EBS10Xv2
AChE-CES,TG_exon-14_|_GCF_900518735.1_EBS10Xv2
AChE-CES,TG_exon-15_|_GCF_900518735.1_EBS10Xv2
AChE-CES,TG_exon-16_|_GCF_900518735.1_EBS10Xv2
AChE-CES,TG_exon-17_|_GCF_900518735.1_EBS10Xv2
AChE-CES,TG_exon-18_|_GCF_900518735.1_EBS10Xv2
AChE-CES,TG_exon-19_|_GCF_900518735.1_EBS10Xv2
AChE-CES,TG_exon-2_|_GCF_900518735.1_EBS10Xv2
AChE-CES,TG_exon-20_|_GCF_900518735.1_EBS10Xv2
AChE-CES,TG_exon-21_|_GCF_900518735.1_EBS10Xv2
AChE-CES,TG_exon-22_|_GCF_900518735.1_EBS10Xv2
AChE-CES,TG_exon-23_|_GCF_900518735.1_EBS10Xv2
AChE-CES,TG_exon-24_|_GCF_900518735.1_EBS10Xv2
AChE-CES,TG_exon-25_|_GCF_900518735.1_EBS10Xv2
AChE-CES,TG_exon-26_|_GCF_900518735.1_EBS10Xv2
AChE-CES,TG_exon-28_|_GCF_900518735.1_EBS10Xv2
AChE-CES,TG_exon-29_|_GCF_900518735.1_EBS10Xv2
AChE-CES,TG_exon-3_|_GCF_900518735.1_EBS10Xv2
AChE-CES,TG_exon-30_|_GCF_900518735.1_EBS10Xv2
AChE-CES,TG_exon-31_|_GCF_900518735.1_EBS10Xv2
AChE-CES,TG_exon-32_|_GCF_900518735.1_EBS10Xv2
AChE-CES,TG_exon-33_|_GCF_900518735.1_EBS10Xv2
AChE-CES,TG_exon-34_|_GCF_900518735.1_EBS10Xv2
AChE-CES,TG_exon-35_|_GCF_900518735.1_EBS10Xv2
AChE-CES,TG_exon-36_|_GCF_900518735.1_EBS10Xv2
AChE-CES,TG_exon-37_|_GCF_900518735.1_EBS10Xv2
AChE-CES,TG_exon-38_|_GCF_900518735.1_EBS10Xv2
AChE-CES,TG_exon-4_|_GCF_900518735.1_EBS10Xv2
AChE-CES,TG_exon-5_|_GCF_900518735.1_EBS10Xv2
AChE-CES,TG_exon-6_|_GCF_900518735.1_EBS10Xv2
AChE-CES,TG_exon-7_|_GCF_900518735.1_EBS10Xv2
AChE-CES,TG_exon-8_|_GCF_900518735.1_EBS10Xv2
AChE-CES,TG_exon-9_|_GCF_900518735.1_EBS10Xv2
AChE-CES,Transcriptome_ACN
ADAM,ADAM10_exon-1_|_GCF_900518735.1_EBS10Xv2
ADAM,ADAM10_exon-10_|_GCF_900518735.1_EBS10Xv2
ADAM,ADAM10_exon-11_|_GCF_900518735.1_EBS10Xv2
ADAM,ADAM10_exon-12_|_GCF_900518735.1_EBS10Xv2
ADAM,ADAM10_exon-13_|_GCF_900518735.1_EBS10Xv2
ADAM,ADAM10_exon-14_|_GCF_900518735.1_EBS10Xv2
ADAM,ADAM10_exon-15_|_GCF_900518735.1_EBS10Xv2
ADAM,ADAM10_exon-16_|_GCF_900518735.1_EBS10Xv2
ADAM,ADAM10_exon-2_|_GCF_900518735.1_EBS10Xv2
ADAM,ADAM10_exon-3_|_GCF_900518735.1_EBS10Xv2
ADAM,ADAM10_exon-4_|_GCF_900518735.1_EBS10Xv2
ADAM,ADAM10_exon-5_|_GCF_900518735.1_EBS10Xv2
ADAM,ADAM10_exon-6_|_GCF_900518735.1_EBS10Xv2
ADAM,ADAM10_exon-7_|_GCF_900518735.1_EBS10Xv2
ADAM,ADAM10_exon-8_|_GCF_900518735.1_EBS10Xv2
ADAM,ADAM10_exon-9_|_GCF_900518735.1_EBS10Xv2
ANO,ANO10_exon-1_|_GCF_900518735.1_EBS10Xv2
ANO,ANO10_exon-2_|_GCF_900518735.1_EBS10Xv2
ANO,ANO10_exon-3_|_GCF_900518735.1_EBS10Xv2
ANO,ANO10_exon-4_|_GCF_900518735.1_EBS10Xv2
ANO,ANO10_exon-5_|_GCF_900518735.1_EBS10Xv2
ANO,ANO10_exon-6_|_GCF_900518735.1_EBS10Xv2
ANO,ANO10_exon-7_|_GCF_900518735.1_EBS10Xv2
ANO,ANO10_exon-8_|_GCF_900518735.1_EBS10Xv2
ANO,ANO10_exon-9_|_GCF_900518735.1_EBS10Xv2
AVIT,PROK1_exon-1_|_GCF_900518735.1_EBS10Xv2
AVIT,PROK1_exon-2_|_GCF_900518735.1_EBS10Xv2
AVIT,PROK1_exon-3_|_GCF_900518735.1_EBS10Xv2
AVIT,PROK2_exon-1_|_GCF_900518735.1_EBS10Xv2
AVIT,PROK2_exon-2_|_GCF_900518735.1_EBS10Xv2
AVIT,PROK2_exon-3_|_GCF_900518735.1_EBS10Xv2
CAL,CALML6_exon-1_|_GCF_900518735.1_EBS10Xv2
CAL,CALML6_exon-2_|_GCF_900518735.1_EBS10Xv2
CAL,CALML6_exon-3_|_GCF_900518735.1_EBS10Xv2
CAL,CALML6_exon-4_|_GCF_900518735.1_EBS10Xv2
CAL,CALML6_exon-5_|_GCF_900518735.1_EBS10Xv2
CAL,RCN2_exon-1_|_GCF_900518735.1_EBS10Xv2
CAL,RCN2_exon-2_|_GCF_900518735.1_EBS10Xv2
CAL,RCN2_exon-3_|_GCF_900518735.1_EBS10Xv2
CAL,RCN2_exon-4_|_GCF_900518735.1_EBS10Xv2
CAL,RCN2_exon-5_|_GCF_900518735.1_EBS10Xv2
CAL,RCN2_exon-6_|_GCF_900518735.1_EBS10Xv2
CAL,RCN2_exon-7_|_GCF_900518735.1_EBS10Xv2
CAL,Sangercluster_43
CATH,Genome_Toxin923_Cathelicidin
CATH,Genome_Toxin925_Cathelicidin
CATH,Genome_Toxin931_Cathelicidin
CATH,Sangercluster_105
CRISP,CRISPLD1_exon-1_|_GCF_900518735.1_EBS10Xv2
CRISP,CRISPLD1_exon-10_|_GCF_900518735.1_EBS10Xv2
CRISP,CRISPLD1_exon-11_|_GCF_900518735.1_EBS10Xv2
CRISP,CRISPLD1_exon-12_|_GCF_900518735.1_EBS10Xv2
CRISP,CRISPLD1_exon-13_|_GCF_900518735.1_EBS10Xv2
CRISP,CRISPLD1_exon-14_|_GCF_900518735.1_EBS10Xv2
CRISP,CRISPLD1_exon-15_|_GCF_900518735.1_EBS10Xv2
CRISP,CRISPLD1_exon-2_|_GCF_900518735.1_EBS10Xv2
CRISP,CRISPLD1_exon-3_|_GCF_900518735.1_EBS10Xv2
CRISP,CRISPLD1_exon-4_|_GCF_900518735.1_EBS10Xv2
CRISP,CRISPLD1_exon-5_|_GCF_900518735.1_EBS10Xv2
CRISP,CRISPLD1_exon-6_|_GCF_900518735.1_EBS10Xv2
CRISP,CRISPLD1_exon-7_|_GCF_900518735.1_EBS10Xv2
CRISP,CRISPLD1_exon-8_|_GCF_900518735.1_EBS10Xv2
CRISP,CRISPLD1_exon-9_|_GCF_900518735.1_EBS10Xv2
CRISP,CRISPLD2_exon-1_|_GCF_900518735.1_EBS10Xv2
CRISP,CRISPLD2_exon-10_|_GCF_900518735.1_EBS10Xv2
CRISP,CRISPLD2_exon-11_|_GCF_900518735.1_EBS10Xv2
CRISP,CRISPLD2_exon-12_|_GCF_900518735.1_EBS10Xv2
CRISP,CRISPLD2_exon-13_|_GCF_900518735.1_EBS10Xv2
CRISP,CRISPLD2_exon-14_|_GCF_900518735.1_EBS10Xv2
CRISP,CRISPLD2_exon-2_|_GCF_900518735.1_EBS10Xv2
CRISP,CRISPLD2_exon-3_|_GCF_900518735.1_EBS10Xv2
CRISP,CRISPLD2_exon-4_|_GCF_900518735.1_EBS10Xv2
CRISP,CRISPLD2_exon-5_|_GCF_900518735.1_EBS10Xv2
CRISP,CRISPLD2_exon-6_|_GCF_900518735.1_EBS10Xv2
CRISP,CRISPLD2_exon-7_|_GCF_900518735.1_EBS10Xv2
CRISP,CRISPLD2_exon-8_|_GCF_900518735.1_EBS10Xv2
CRISP,CRISPLD2_exon-9_|_GCF_900518735.1_EBS10Xv2
CRISP,Genome_Toxin10430_CRISP
CRISP,Genome_Toxin10438_CRISP
CRISP,Genome_Toxin10452_CRISP
CRISP,Genome_Toxin10464_CRISP
CRISP,Genome_Toxin10498_CRISP
CRISP,Genome_Toxin10528_CRISP
CRISP,Genome_Toxin10538_CRISP
CRISP,Genome_Toxin10544_CRISP
CRISP,Genome_Toxin10560_CRISP
CRISP,Genome_Toxin10561_CRISP
CRISP,Genome_Toxin10607_CRISP
CRISP,Genome_Toxin10671_CRISP
CRISP,Genome_Toxin10686_CRISP
CRISP,Genome_Toxin10738_CRISP
CRISP,Genome_Toxin10759_CRISP
CRISP,Genome_Toxin10769_CRISP
CRISP,Genome_Toxin10772_CRISP
CRISP,Genome_Toxin10795_CRISP
CRISP,Genome_Toxin10807_CRISP
CRISP,Genome_Toxin10820_CRISP
CRISP,Genome_Toxin10825_CRISP
CRISP,Genome_Toxin10848_CRISP
CRISP,Genome_Toxin10975_CRISP
CRISP,Genome_Toxin10977_CRISP
CRISP,Genome_Toxin11002_CRISP
CRISP,Genome_Toxin11075_CRISP
CRISP,Genome_Toxin1739_CRISP
CRISP,Genome_Toxin1742_CRISP
CRISP,Genome_Toxin1744_CRISP
CRISP,Genome_Toxin1746_CRISP
CRISP,Genome_Toxin1750_CRISP
CRISP,Genome_Toxin1753_CRISP
CRISP,Genome_Toxin1757_CRISP
CRISP,Genome_Toxin1778_CRISP
CRISP,Genome_Toxin1784_CRISP
CRISP,GLIPR1_exon-1_|_GCF_900518735.1_EBS10Xv2
CRISP,GLIPR1_exon-2_|_GCF_900518735.1_EBS10Xv2
CRISP,GLIPR1_exon-3_|_GCF_900518735.1_EBS10Xv2
CRISP,GLIPR1_exon-4_|_GCF_900518735.1_EBS10Xv2
CRISP,GLIPR1_exon-5_|_GCF_900518735.1_EBS10Xv2
CRISP,LOC113435506_exon-1_|_GCF_900518735.1_EBS10Xv2
CRISP,LOC113435506_exon-2_|_GCF_900518735.1_EBS10Xv2
CRISP,LOC113435506_exon-3_|_GCF_900518735.1_EBS10Xv2
CRISP,LOC113435506_exon-4_|_GCF_900518735.1_EBS10Xv2
CRISP,LOC113435506_exon-5_|_GCF_900518735.1_EBS10Xv2
CRISP,LOC113435506_exon-6_|_GCF_900518735.1_EBS10Xv2
CRISP,LOC113444210_exon-1_|_GCF_900518735.1_EBS10Xv2
CRISP,LOC113444210_exon-2_|_GCF_900518735.1_EBS10Xv2
CRISP,LOC113444210_exon-5_|_GCF_900518735.1_EBS10Xv2
CRISP,LOC113444210_exon-8_|_GCF_900518735.1_EBS10Xv2
CRISP,LOC113444210_exon-8_|_GCF_900518735.1_EBS10Xv2_18
CRISP,LOC113444210_exon-8_|_GCF_900518735.1_EBS10Xv2_19
CRISP,LOC113446994_exon-1_|_GCF_900518735.1_EBS10Xv2
CRISP,LOC113446994_exon-2_|_GCF_900518735.1_EBS10Xv2
CRISP,LOC113446994_exon-3_|_GCF_900518735.1_EBS10Xv2
CRISP,LOC113446994_exon-4_|_GCF_900518735.1_EBS10Xv2
CRISP,LOC113446994_exon-5_|_GCF_900518735.1_EBS10Xv2
CRISP,PI15_exon-1_|_GCF_900518735.1_EBS10Xv2
CRISP,PI15_exon-2_|_GCF_900518735.1_EBS10Xv2
CRISP,PI15_exon-3_|_GCF_900518735.1_EBS10Xv2
CRISP,PI15_exon-4_|_GCF_900518735.1_EBS10Xv2
CRISP,PI15_exon-5_|_GCF_900518735.1_EBS10Xv2
CRISP,PI15_exon-6_|_GCF_900518735.1_EBS10Xv2
CRISP,R3HDML_exon-1_|_GCF_900518735.1_EBS10Xv2
CRISP,R3HDML_exon-2_|_GCF_900518735.1_EBS10Xv2
CRISP,R3HDML_exon-3_|_GCF_900518735.1_EBS10Xv2
CRISP,R3HDML_exon-4_|_GCF_900518735.1_EBS10Xv2
CRISP,R3HDML_exon-5_|_GCF_900518735.1_EBS10Xv2
CRISP,Sangercluster_111
CRISP,Sangercluster_26
CRISP,Sangercluster_35
CRISP,Sangercluster_36
CRISP,Sangercluster_83
CTL,Genome_Toxin20864_CTL
CTL,Genome_Toxin20918_CTL
CTL,Genome_Toxin20919_CTL
CTL,Genome_Toxin20977_CTL
CTL,Genome_Toxin20983_CTL
CTL,Genome_Toxin21038_CTL
CTL,Genome_Toxin21195_CTL
CTL,Genome_Toxin21196_CTL
CTL,Genome_Toxin21256_CTL
CTL,Genome_Toxin21302_CTL
CTL,Genome_Toxin21306_CTL
CTL,Genome_Toxin21334_CTL
CTL,Genome_Toxin21341_CTL
CTL,Genome_Toxin21424_CTL
CTL,Genome_Toxin21496_CTL
CTL,Genome_Toxin21625_CTL
CTL,Genome_Toxin21723_CTL
CTL,Genome_Toxin21754_CTL
CTL,Genome_Toxin21764_CTL
CTL,Genome_Toxin21847_CTL
CTL,Genome_Toxin22027_CTL
CTL,Genome_Toxin22046_CTL
CTL,Genome_Toxin22049_CTL
CTL,Genome_Toxin22058_CTL
CTL,Genome_Toxin22078_CTL
CTL,Genome_Toxin22280_CTL
CTL,Genome_Toxin22410_CTL
CTL,Genome_Toxin22482_CTL
CTL,Genome_Toxin22559_CTL
CTL,Genome_Toxin22575_CTL
CTL,Genome_Toxin22586_CTL
CTL,Genome_Toxin22587_CTL
CTL,Genome_Toxin502_CTL
CTL,Genome_Toxin503_CTL
CTL,Genome_Toxin509_CTL
CTL,Genome_Toxin510_CTL
CTL,Genome_Toxin513_CTL
CTL,Genome_Toxin517_CTL
CTL,Genome_Toxin523_CTL
CTL,Genome_Toxin531_CTL
CTL,Genome_Toxin533_CTL
CTL,Genome_Toxin539_CTL
CTL,Genome_Toxin540_CTL
CTL,Genome_Toxin545_CTL
CTL,LOC113451959_exon-1_|_GCF_900518735.1_EBS10Xv2
CTL,LOC113451959_exon-2_|_GCF_900518735.1_EBS10Xv2
CTL,LOC113451959_exon-3_|_GCF_900518735.1_EBS10Xv2
CTL,LOC113451959_exon-5_|_GCF_900518735.1_EBS10Xv2
CTL,LOC113451962_exon-1_|_GCF_900518735.1_EBS10Xv2
CTL,LOC113451962_exon-2_|_GCF_900518735.1_EBS10Xv2
CTL,LOC113452052_exon-1_|_GCF_900518735.1_EBS10Xv2
CTL,LOC113452052_exon-2_|_GCF_900518735.1_EBS10Xv2
CTL,LOC113452052_exon-4_|_GCF_900518735.1_EBS10Xv2
CTL,LOC113452052_exon-6_|_GCF_900518735.1_EBS10Xv2
CTL,LOC113452212_exon-1_|_GCF_900518735.1_EBS10Xv2
CTL,LOC113452212_exon-2_|_GCF_900518735.1_EBS10Xv2
CTL,LOC113452212_exon-3_|_GCF_900518735.1_EBS10Xv2
CTL,LOC113452212_exon-4_|_GCF_900518735.1_EBS10Xv2
CTL,LOC113452213_exon-1_|_GCF_900518735.1_EBS10Xv2
CTL,LOC113452213_exon-2_|_GCF_900518735.1_EBS10Xv2
CTL,LOC113452213_exon-3_|_GCF_900518735.1_EBS10Xv2
CTL,LOC113452213_exon-4_|_GCF_900518735.1_EBS10Xv2
CTL,LOC113452213_exon-5_|_GCF_900518735.1_EBS10Xv2
CTL,LOC113454153_exon-1_|_GCF_900518735.1_EBS10Xv2
CTL,LOC113454153_exon-2_|_GCF_900518735.1_EBS10Xv2
CTL,Sangercluster_63
CTL,Sangercluster_64
CTL,Sangercluster_66
CTL,Sangercluster_67
CTL,Sangercluster_74
CTL,Sangercluster_76
CTL,Sangercluster_78
CTL,Transcriptome_LP
CTL,Transcriptome_PARTIAL
Cystatin,CSTA_exon-1_|_GCF_900518735.1_EBS10Xv2
Cystatin,CSTA_exon-2_|_GCF_900518735.1_EBS10Xv2
Cystatin,CSTA_exon-3_|_GCF_900518735.1_EBS10Xv2
Cystatin,Genome_Toxin933_Cystatin
Cystatin,Genome_Toxin936_Cystatin
Cystatin,Genome_Toxin941_Cystatin
Cystatin,Genome_Toxin947_Cystatin
Cystatin,LOC113444152_exon-1_|_GCF_900518735.1_EBS10Xv2
Cystatin,LOC113444152_exon-2_|_GCF_900518735.1_EBS10Xv2
Cystatin,LOC113444152_exon-3_|_GCF_900518735.1_EBS10Xv2
Cystatin,LOC113444152_exon-4_|_GCF_900518735.1_EBS10Xv2
Cystatin,LOC113444153_exon-1_|_GCF_900518735.1_EBS10Xv2
Cystatin,LOC113444153_exon-2_|_GCF_900518735.1_EBS10Xv2
Cystatin,LOC113444153_exon-3_|_GCF_900518735.1_EBS10Xv2
Cystatin,LOC113450581_exon-1_|_GCF_900518735.1_EBS10Xv2
Cystatin,LOC113450581_exon-2_|_GCF_900518735.1_EBS10Xv2
Cystatin,LOC113450581_exon-3_|_GCF_900518735.1_EBS10Xv2
Cystatin,LOC113450581_exon-4_|_GCF_900518735.1_EBS10Xv2
Cystatin,LOC113450581_exon-5_|_GCF_900518735.1_EBS10Xv2
Cystatin,Sangercluster_51
DPP-IV,DPP10_exon-1_|_GCF_900518735.1_EBS10Xv2
DPP-IV,DPP10_exon-10_|_GCF_900518735.1_EBS10Xv2
DPP-IV,DPP10_exon-11_|_GCF_900518735.1_EBS10Xv2
DPP-IV,DPP10_exon-12_|_GCF_900518735.1_EBS10Xv2
DPP-IV,DPP10_exon-13_|_GCF_900518735.1_EBS10Xv2
DPP-IV,DPP10_exon-14_|_GCF_900518735.1_EBS10Xv2
DPP-IV,DPP10_exon-15_|_GCF_900518735.1_EBS10Xv2
DPP-IV,DPP10_exon-16_|_GCF_900518735.1_EBS10Xv2
DPP-IV,DPP10_exon-17_|_GCF_900518735.1_EBS10Xv2
DPP-IV,DPP10_exon-18_|_GCF_900518735.1_EBS10Xv2
DPP-IV,DPP10_exon-2_|_GCF_900518735.1_EBS10Xv2
DPP-IV,DPP10_exon-3_|_GCF_900518735.1_EBS10Xv2
DPP-IV,DPP10_exon-4_|_GCF_900518735.1_EBS10Xv2
DPP-IV,DPP10_exon-5_|_GCF_900518735.1_EBS10Xv2
DPP-IV,DPP10_exon-6_|_GCF_900518735.1_EBS10Xv2
DPP-IV,DPP10_exon-7_|_GCF_900518735.1_EBS10Xv2
DPP-IV,DPP10_exon-8_|_GCF_900518735.1_EBS10Xv2
DPP-IV,DPP10_exon-9_|_GCF_900518735.1_EBS10Xv2
DPP-IV,DPP4_exon-1_|_GCF_900518735.1_EBS10Xv2
DPP-IV,DPP4_exon-10_|_GCF_900518735.1_EBS10Xv2
DPP-IV,DPP4_exon-11_|_GCF_900518735.1_EBS10Xv2
DPP-IV,DPP4_exon-12_|_GCF_900518735.1_EBS10Xv2
DPP-IV,DPP4_exon-13_|_GCF_900518735.1_EBS10Xv2
DPP-IV,DPP4_exon-14_|_GCF_900518735.1_EBS10Xv2
DPP-IV,DPP4_exon-15_|_GCF_900518735.1_EBS10Xv2
DPP-IV,DPP4_exon-16_|_GCF_900518735.1_EBS10Xv2
DPP-IV,DPP4_exon-17_|_GCF_900518735.1_EBS10Xv2
DPP-IV,DPP4_exon-18_|_GCF_900518735.1_EBS10Xv2
DPP-IV,DPP4_exon-19_|_GCF_900518735.1_EBS10Xv2
DPP-IV,DPP4_exon-2_|_GCF_900518735.1_EBS10Xv2
DPP-IV,DPP4_exon-20_|_GCF_900518735.1_EBS10Xv2
DPP-IV,DPP4_exon-21_|_GCF_900518735.1_EBS10Xv2
DPP-IV,DPP4_exon-22_|_GCF_900518735.1_EBS10Xv2
DPP-IV,DPP4_exon-23_|_GCF_900518735.1_EBS10Xv2
DPP-IV,DPP4_exon-24_|_GCF_900518735.1_EBS10Xv2
DPP-IV,DPP4_exon-25_|_GCF_900518735.1_EBS10Xv2
DPP-IV,DPP4_exon-26_|_GCF_900518735.1_EBS10Xv2
DPP-IV,DPP4_exon-3_|_GCF_900518735.1_EBS10Xv2
DPP-IV,DPP4_exon-4_|_GCF_900518735.1_EBS10Xv2
DPP-IV,DPP4_exon-5_|_GCF_900518735.1_EBS10Xv2
DPP-IV,DPP4_exon-6_|_GCF_900518735.1_EBS10Xv2
DPP-IV,DPP4_exon-7_|_GCF_900518735.1_EBS10Xv2
DPP-IV,DPP4_exon-9_|_GCF_900518735.1_EBS10Xv2
DPP-IV,DPP8_exon-1_|_GCF_900518735.1_EBS10Xv2
DPP-IV,DPP8_exon-10_|_GCF_900518735.1_EBS10Xv2
DPP-IV,DPP8_exon-11_|_GCF_900518735.1_EBS10Xv2
DPP-IV,DPP8_exon-12_|_GCF_900518735.1_EBS10Xv2
DPP-IV,DPP8_exon-13_|_GCF_900518735.1_EBS10Xv2
DPP-IV,DPP8_exon-14_|_GCF_900518735.1_EBS10Xv2
DPP-IV,DPP8_exon-15_|_GCF_900518735.1_EBS10Xv2
DPP-IV,DPP8_exon-2_|_GCF_900518735.1_EBS10Xv2
DPP-IV,DPP8_exon-3_|_GCF_900518735.1_EBS10Xv2
DPP-IV,DPP8_exon-4_|_GCF_900518735.1_EBS10Xv2
DPP-IV,DPP8_exon-5_|_GCF_900518735.1_EBS10Xv2
DPP-IV,DPP8_exon-6_|_GCF_900518735.1_EBS10Xv2
DPP-IV,DPP8_exon-7_|_GCF_900518735.1_EBS10Xv2
DPP-IV,DPP8_exon-8_|_GCF_900518735.1_EBS10Xv2
DPP-IV,DPP8_exon-9_|_GCF_900518735.1_EBS10Xv2
DPP-IV,Genome_Toxin8965_VDP4
DPP-IV,LOC113452714_exon-1_|_GCF_900518735.1_EBS10Xv2
DPP-IV,LOC113452714_exon-2_|_GCF_900518735.1_EBS10Xv2
DPP-IV,LOC113452714_exon-3_|_GCF_900518735.1_EBS10Xv2
DPP-IV,LOC113452714_exon-4_|_GCF_900518735.1_EBS10Xv2
DPP-IV,LOC113452714_exon-5_|_GCF_900518735.1_EBS10Xv2
DPP-IV,LOC113452714_exon-6_|_GCF_900518735.1_EBS10Xv2
DPP-IV,LOC113452714_exon-7_|_GCF_900518735.1_EBS10Xv2
DPP-IV,Sangercluster_12
EDN-SRTX,EDN1_exon-1_|_GCF_900518735.1_EBS10Xv2
EDN-SRTX,EDN1_exon-2_|_GCF_900518735.1_EBS10Xv2
EDN-SRTX,EDN1_exon-3_|_GCF_900518735.1_EBS10Xv2
EDN-SRTX,EDN1_exon-4_|_GCF_900518735.1_EBS10Xv2
EDN-SRTX,EDN1_exon-5_|_GCF_900518735.1_EBS10Xv2
EDN-SRTX,EDN3_exon-1_|_GCF_900518735.1_EBS10Xv2
EDN-SRTX,EDN3_exon-2_|_GCF_900518735.1_EBS10Xv2
EDN-SRTX,EDN3_exon-3_|_GCF_900518735.1_EBS10Xv2
EDN-SRTX,EDN3_exon-4_|_GCF_900518735.1_EBS10Xv2
EDN-SRTX,EDN3_exon-5_|_GCF_900518735.1_EBS10Xv2
Exendin,LOC113447337_exon-1_|_GCF_900518735.1_EBS10Xv2
Exendin,LOC113447337_exon-1_|_GCF_900518735.1_EBS10Xv2_23
Exendin,LOC113447337_exon-3_|_GCF_900518735.1_EBS10Xv2
Exendin,LOC113447337_exon-4_|_GCF_900518735.1_EBS10Xv2
Exendin,LOC113447337_exon-5_|_GCF_900518735.1_EBS10Xv2
Ficolin,Genome_Toxin2323_Ficolin
Ficolin,Genome_Toxin2332_Ficolin
Ficolin,Genome_Toxin2333_Ficolin
Ficolin,Genome_Toxin2340_Ficolin
Ficolin,Genome_Toxin2343_Ficolin
Ficolin,Genome_Toxin2345_Ficolin
Ficolin,Genome_Toxin2346_Ficolin
Ficolin,Genome_Toxin2350_Ficolin
Ficolin,Genome_Toxin2351_Ficolin
Ficolin,LOC113440343_exon-1_|_GCF_900518735.1_EBS10Xv2
Ficolin,LOC113440343_exon-2_|_GCF_900518735.1_EBS10Xv2
Ficolin,LOC113440343_exon-3_|_GCF_900518735.1_EBS10Xv2
Ficolin,LOC113440343_exon-4_|_GCF_900518735.1_EBS10Xv2
Ficolin,LOC113440343_exon-5_|_GCF_900518735.1_EBS10Xv2
Ficolin,LOC113440343_exon-6_|_GCF_900518735.1_EBS10Xv2
Ficolin,LOC113440343_exon-7_|_GCF_900518735.1_EBS10Xv2
Ficolin,LOC113440343_exon-8_|_GCF_900518735.1_EBS10Xv2
Ficolin,LOC113448475_exon-1_|_GCF_900518735.1_EBS10Xv2
Ficolin,LOC113448475_exon-10_|_GCF_900518735.1_EBS10Xv2
Ficolin,LOC113448475_exon-2_|_GCF_900518735.1_EBS10Xv2
Ficolin,LOC113448475_exon-3_|_GCF_900518735.1_EBS10Xv2
Ficolin,LOC113448475_exon-6_|_GCF_900518735.1_EBS10Xv2
Ficolin,LOC113448475_exon-7_|_GCF_900518735.1_EBS10Xv2
Ficolin,LOC113448475_exon-8_|_GCF_900518735.1_EBS10Xv2
Ficolin,LOC113448475_exon-9_|_GCF_900518735.1_EBS10Xv2
Ficolin,LOC113454719_exon-1_|_GCF_900518735.1_EBS10Xv2
Ficolin,LOC113454719_exon-2_|_GCF_900518735.1_EBS10Xv2
Ficolin,LOC113454719_exon-3_|_GCF_900518735.1_EBS10Xv2
Ficolin_unchar,LOC113440344_exon-1_|_GCF_900518735.1_EBS10Xv2
Ficolin_unchar,LOC113440344_exon-2_|_GCF_900518735.1_EBS10Xv2
Ficolin_unchar,LOC113440344_exon-3_|_GCF_900518735.1_EBS10Xv2
HYAL,Genome_Toxin1115_HYAL
HYAL,Genome_Toxin6999_HYAL
HYAL,Genome_Toxin7005_HYAL
HYAL,Genome_Toxin7034_HYAL
HYAL,HYAL1_exon-6_|_GCF_900518735.1_EBS10Xv2
HYAL,HYAL1_exon-7_|_GCF_900518735.1_EBS10Xv2
HYAL,HYAL1_exon-8_|_GCF_900518735.1_EBS10Xv2
HYAL,HYAL1_exon-9_|_GCF_900518735.1_EBS10Xv2
HYAL,HYAL2_exon-1_|_GCF_900518735.1_EBS10Xv2
HYAL,HYAL2_exon-1_|_GCF_900518735.1_EBS10Xv2_40
HYAL,HYAL2_exon-2_|_GCF_900518735.1_EBS10Xv2
HYAL,HYAL2_exon-3_|_GCF_900518735.1_EBS10Xv2
HYAL,HYAL2_exon-4_|_GCF_900518735.1_EBS10Xv2
HYAL,HYAL3_exon-1_|_GCF_900518735.1_EBS10Xv2
HYAL,HYAL3_exon-2_|_GCF_900518735.1_EBS10Xv2
HYAL,HYAL3_exon-3_|_GCF_900518735.1_EBS10Xv2
HYAL,HYAL3_exon-4_|_GCF_900518735.1_EBS10Xv2
HYAL,LOC113445100_exon-1_|_GCF_900518735.1_EBS10Xv2
HYAL,LOC113445100_exon-2_|_GCF_900518735.1_EBS10Xv2
HYAL,LOC113445100_exon-3_|_GCF_900518735.1_EBS10Xv2
HYAL,LOC113445100_exon-4_|_GCF_900518735.1_EBS10Xv2
HYAL,LOC113445101_exon-1_|_GCF_900518735.1_EBS10Xv2
HYAL,LOC113445101_exon-2_|_GCF_900518735.1_EBS10Xv2
HYAL,LOC113445101_exon-3_|_GCF_900518735.1_EBS10Xv2
HYAL,LOC113445101_exon-4_|_GCF_900518735.1_EBS10Xv2
HYAL,LOC113445101_exon-5_|_GCF_900518735.1_EBS10Xv2
HYAL,LOC113449825_exon-1_|_GCF_900518735.1_EBS10Xv2
HYAL,LOC113449825_exon-2_|_GCF_900518735.1_EBS10Xv2
HYAL,LOC113449825_exon-3_|_GCF_900518735.1_EBS10Xv2
HYAL,LOC113449825_exon-4_|_GCF_900518735.1_EBS10Xv2
KSPI,Genome_Toxin646_NOTFAMILY
KSPI,LOC113433524_exon-1_|_GCF_900518735.1_EBS10Xv2
KSPI,LOC113433524_exon-4_|_GCF_900518735.1_EBS10Xv2
KSPI,LOC113433525_exon-1_|_GCF_900518735.1_EBS10Xv2
KUN,Genome_Toxin1003_kunitz
KUN,Genome_Toxin1013_kunitz
KUN,Genome_Toxin1027_kunitz
KUN,Genome_Toxin1029_kunitz
KUN,Genome_Toxin1033_kunitz
KUN,Genome_Toxin1036_kunitz
KUN,Genome_Toxin1039_kunitz
KUN,Genome_Toxin1047_kunitz
KUN,Genome_Toxin1053_kunitz
KUN,Genome_Toxin1060_kunitz
KUN,Genome_Toxin1063_kunitz
KUN,Genome_Toxin1069_kunitz
KUN,Genome_Toxin1073_kunitz
KUN,Genome_Toxin8702_KUN
KUN,Genome_Toxin8757_KUN
KUN,Genome_Toxin8906_KUN
KUN,Genome_Toxin8912_KUN
KUN,Genome_Toxin956_kunitz
KUN,Genome_Toxin957_kunitz
KUN,Genome_Toxin979_kunitz
KUN,Genome_Toxin982_kunitz
KUN,Genome_Toxin992_kunitz
KUN,LOC113450266_exon-1_|_GCF_900518735.1_EBS10Xv2
KUN,LOC113452179_exon-1_|_GCF_900518735.1_EBS10Xv2
KUN,LOC113452179_exon-2_|_GCF_900518735.1_EBS10Xv2
KUN,LOC113452179_exon-3_|_GCF_900518735.1_EBS10Xv2
KUN,LOC113452180_exon-1_|_GCF_900518735.1_EBS10Xv2
KUN,LOC113452180_exon-2_|_GCF_900518735.1_EBS10Xv2
KUN,LOC113452180_exon-3_|_GCF_900518735.1_EBS10Xv2
KUN,LOC113452180_exon-4_|_GCF_900518735.1_EBS10Xv2
KUN,LOC113452180_exon-5_|_GCF_900518735.1_EBS10Xv2
KUN,LOC113452232_exon-1_|_GCF_900518735.1_EBS10Xv2
KUN,LOC113452232_exon-2_|_GCF_900518735.1_EBS10Xv2
KUN,LOC113452232_exon-3_|_GCF_900518735.1_EBS10Xv2
KUN,LOC113452232_exon-4_|_GCF_900518735.1_EBS10Xv2
KUN,LOC113452234_exon-1_|_GCF_900518735.1_EBS10Xv2
KUN,LOC113452234_exon-2_|_GCF_900518735.1_EBS10Xv2
KUN,LOC113452841_exon-1_|_GCF_900518735.1_EBS10Xv2
KUN,LOC113452841_exon-2_|_GCF_900518735.1_EBS10Xv2
KUN,LOC113452841_exon-3_|_GCF_900518735.1_EBS10Xv2
KUN,LOC113452841_exon-4_|_GCF_900518735.1_EBS10Xv2
KUN,LOC113453183_exon-1_|_GCF_900518735.1_EBS10Xv2
KUN,LOC113453183_exon-2_|_GCF_900518735.1_EBS10Xv2
KUN,LOC113453183_exon-3_|_GCF_900518735.1_EBS10Xv2
KUN,LOC113453183_exon-4_|_GCF_900518735.1_EBS10Xv2
KUN,LOC113453183_exon-5_|_GCF_900518735.1_EBS10Xv2
KUN,LOC113453183_exon-6_|_GCF_900518735.1_EBS10Xv2
KUN,LOC113453183_exon-7_|_GCF_900518735.1_EBS10Xv2
KUN,LOC113453183_exon-8_|_GCF_900518735.1_EBS10Xv2
KUN,Sangercluster_109
KUN,Sangercluster_110
KUN,Sangercluster_15
KUN,Sangercluster_17
KUN,Sangercluster_18
KUN,Sangercluster_19
KUN,Sangercluster_32
KUN,SPINT2_exon-1_|_GCF_900518735.1_EBS10Xv2
KUN,SPINT2_exon-2_|_GCF_900518735.1_EBS10Xv2
KUN,SPINT2_exon-3_|_GCF_900518735.1_EBS10Xv2
KUN,SPINT2_exon-4_|_GCF_900518735.1_EBS10Xv2
KUN,SPINT2_exon-5_|_GCF_900518735.1_EBS10Xv2
KUN,SPINT2_exon-6_|_GCF_900518735.1_EBS10Xv2
KUN,SPINT2_exon-7_|_GCF_900518735.1_EBS10Xv2
L6,TM4SF18_exon-1_|_GCF_900518735.1_EBS10Xv2
L6,TM4SF18_exon-2_|_GCF_900518735.1_EBS10Xv2
L6,TM4SF18_exon-2_|_GCF_900518735.1_EBS10Xv2_3
L6,TM4SF18_exon-3_|_GCF_900518735.1_EBS10Xv2
L6,TM4SF18_exon-4_|_GCF_900518735.1_EBS10Xv2
LAAO,Genome_Toxin11078_LAO
LAAO,Genome_Toxin1682_LAO
LAAO,Genome_Toxin1684_LAO
LAAO,Genome_Toxin1690_LAO
LAAO,Genome_Toxin1691_LAO
LAAO,Genome_Toxin1693_LAO
LAAO,Genome_Toxin1713_LAO
LAAO,Genome_Toxin9008_LAAO
LAAO,Genome_Toxin9013_LAAO
LAAO,Genome_Toxin9268_LAAO
LAAO,Genome_Toxin9337_LAAO
LAAO,Genome_Toxin9342_LAAO
LAAO,Genome_Toxin9355_LAAO
LAAO,Genome_Toxin9450_LAAO
LAAO,Genome_Toxin9452_LAAO
LAAO,Genome_Toxin9587_LAAO
LAAO,Genome_Toxin9712_LAAO
LAAO,LOC113453618_exon-1_|_GCF_900518735.1_EBS10Xv2
LAAO,LOC113453618_exon-2_|_GCF_900518735.1_EBS10Xv2
LAAO,LOC113453618_exon-3_|_GCF_900518735.1_EBS10Xv2
LAAO,LOC113453618_exon-4_|_GCF_900518735.1_EBS10Xv2
LAAO,LOC113453618_exon-5_|_GCF_900518735.1_EBS10Xv2
LAAO,Sangercluster_16
LAAO,Transcriptome_LAO
LIP,BPHL_exon-1_|_GCF_900518735.1_EBS10Xv2
LIP,BPHL_exon-2_|_GCF_900518735.1_EBS10Xv2
LIP,BPHL_exon-3_|_GCF_900518735.1_EBS10Xv2
LIP,BPHL_exon-4_|_GCF_900518735.1_EBS10Xv2
LIP,BPHL_exon-5_|_GCF_900518735.1_EBS10Xv2
LIP,BPHL_exon-6_|_GCF_900518735.1_EBS10Xv2
LIP,BPHL_exon-7_|_GCF_900518735.1_EBS10Xv2
LIP,DAGLA_exon-1_|_GCF_900518735.1_EBS10Xv2
LIP,DAGLA_exon-1_|_GCF_900518735.1_EBS10Xv2_25
LIP,DAGLA_exon-1_|_GCF_900518735.1_EBS10Xv2_27
LIP,DAGLA_exon-10_|_GCF_900518735.1_EBS10Xv2
LIP,DAGLA_exon-11_|_GCF_900518735.1_EBS10Xv2
LIP,DAGLA_exon-12_|_GCF_900518735.1_EBS10Xv2
LIP,DAGLA_exon-13_|_GCF_900518735.1_EBS10Xv2
LIP,DAGLA_exon-14_|_GCF_900518735.1_EBS10Xv2
LIP,DAGLA_exon-15_|_GCF_900518735.1_EBS10Xv2
LIP,DAGLA_exon-16_|_GCF_900518735.1_EBS10Xv2
LIP,DAGLA_exon-17_|_GCF_900518735.1_EBS10Xv2
LIP,DAGLA_exon-18_|_GCF_900518735.1_EBS10Xv2
LIP,DAGLA_exon-19_|_GCF_900518735.1_EBS10Xv2
LIP,DAGLA_exon-2_|_GCF_900518735.1_EBS10Xv2
LIP,DAGLA_exon-20_|_GCF_900518735.1_EBS10Xv2
LIP,DAGLA_exon-21_|_GCF_900518735.1_EBS10Xv2
LIP,DAGLA_exon-3_|_GCF_900518735.1_EBS10Xv2
LIP,DAGLA_exon-3_|_GCF_900518735.1_EBS10Xv2_26
LIP,DAGLA_exon-4_|_GCF_900518735.1_EBS10Xv2
LIP,DAGLA_exon-5_|_GCF_900518735.1_EBS10Xv2
LIP,DAGLA_exon-6_|_GCF_900518735.1_EBS10Xv2
LIP,DAGLA_exon-7_|_GCF_900518735.1_EBS10Xv2
LIP,DAGLA_exon-8_|_GCF_900518735.1_EBS10Xv2
LIP,DAGLA_exon-9_|_GCF_900518735.1_EBS10Xv2
LIP,DAGLB_exon-1_|_GCF_900518735.1_EBS10Xv2
LIP,DAGLB_exon-10_|_GCF_900518735.1_EBS10Xv2
LIP,DAGLB_exon-11_|_GCF_900518735.1_EBS10Xv2
LIP,DAGLB_exon-12_|_GCF_900518735.1_EBS10Xv2
LIP,DAGLB_exon-13_|_GCF_900518735.1_EBS10Xv2
LIP,DAGLB_exon-14_|_GCF_900518735.1_EBS10Xv2
LIP,DAGLB_exon-15_|_GCF_900518735.1_EBS10Xv2
LIP,DAGLB_exon-16_|_GCF_900518735.1_EBS10Xv2
LIP,DAGLB_exon-2_|_GCF_900518735.1_EBS10Xv2
LIP,DAGLB_exon-3_|_GCF_900518735.1_EBS10Xv2
LIP,DAGLB_exon-4_|_GCF_900518735.1_EBS10Xv2
LIP,DAGLB_exon-5_|_GCF_900518735.1_EBS10Xv2
LIP,DAGLB_exon-6_|_GCF_900518735.1_EBS10Xv2
LIP,DAGLB_exon-7_|_GCF_900518735.1_EBS10Xv2
LIP,DAGLB_exon-8_|_GCF_900518735.1_EBS10Xv2
LIP,DAGLB_exon-9_|_GCF_900518735.1_EBS10Xv2
LIP,LCAT_exon-1_|_GCF_900518735.1_EBS10Xv2
LIP,LCAT_exon-1_|_GCF_900518735.1_EBS10Xv2_21
LIP,LCAT_exon-2_|_GCF_900518735.1_EBS10Xv2
LIP,LCAT_exon-3_|_GCF_900518735.1_EBS10Xv2
LIP,LCAT_exon-4_|_GCF_900518735.1_EBS10Xv2
LIP,LCAT_exon-5_|_GCF_900518735.1_EBS10Xv2
LIP,LCAT_exon-6_|_GCF_900518735.1_EBS10Xv2
LIP,LIPG_exon-1_|_GCF_900518735.1_EBS10Xv2
LIP,LIPG_exon-10_|_GCF_900518735.1_EBS10Xv2
LIP,LIPG_exon-2_|_GCF_900518735.1_EBS10Xv2
LIP,LIPG_exon-3_|_GCF_900518735.1_EBS10Xv2
LIP,LIPG_exon-4_|_GCF_900518735.1_EBS10Xv2
LIP,LIPG_exon-5_|_GCF_900518735.1_EBS10Xv2
LIP,LIPG_exon-6_|_GCF_900518735.1_EBS10Xv2
LIP,LIPG_exon-7_|_GCF_900518735.1_EBS10Xv2
LIP,LIPG_exon-8_|_GCF_900518735.1_EBS10Xv2
LIP,LIPG_exon-9_|_GCF_900518735.1_EBS10Xv2
LIP,LIPI_exon-1_|_GCF_900518735.1_EBS10Xv2
LIP,LIPI_exon-2_|_GCF_900518735.1_EBS10Xv2
LIP,LIPI_exon-3_|_GCF_900518735.1_EBS10Xv2
LIP,LIPI_exon-4_|_GCF_900518735.1_EBS10Xv2
LIP,LIPI_exon-5_|_GCF_900518735.1_EBS10Xv2
LIP,LIPI_exon-6_|_GCF_900518735.1_EBS10Xv2
LIP,LIPI_exon-7_|_GCF_900518735.1_EBS10Xv2
LIP,LIPI_exon-8_|_GCF_900518735.1_EBS10Xv2
LIP,LIPI_exon-9_|_GCF_900518735.1_EBS10Xv2
LIP,LOC113439198_exon-10_|_GCF_900518735.1_EBS10Xv2
LIP,LOC113439198_exon-11_|_GCF_900518735.1_EBS10Xv2
LIP,LOC113439198_exon-12_|_GCF_900518735.1_EBS10Xv2
LIP,LOC113439198_exon-13_|_GCF_900518735.1_EBS10Xv2
LIP,LOC113439198_exon-2_|_GCF_900518735.1_EBS10Xv2
LIP,LOC113439198_exon-3_|_GCF_900518735.1_EBS10Xv2
LIP,LOC113439198_exon-4_|_GCF_900518735.1_EBS10Xv2
LIP,LOC113439198_exon-5_|_GCF_900518735.1_EBS10Xv2
LIP,LOC113439198_exon-6_|_GCF_900518735.1_EBS10Xv2
LIP,LOC113439198_exon-7_|_GCF_900518735.1_EBS10Xv2
LIP,LOC113439198_exon-8_|_GCF_900518735.1_EBS10Xv2
LIP,LOC113439198_exon-9_|_GCF_900518735.1_EBS10Xv2
LIP,LOC113442310_exon-1_|_GCF_900518735.1_EBS10Xv2
LIP,LOC113442310_exon-1_|_GCF_900518735.1_EBS10Xv2_17
LIP,LOC113442310_exon-10_|_GCF_900518735.1_EBS10Xv2
LIP,LOC113442310_exon-11_|_GCF_900518735.1_EBS10Xv2
LIP,LOC113442310_exon-12_|_GCF_900518735.1_EBS10Xv2
LIP,LOC113442310_exon-12_|_GCF_900518735.1_EBS10Xv2_16
LIP,LOC113442310_exon-13_|_GCF_900518735.1_EBS10Xv2
LIP,LOC113442310_exon-2_|_GCF_900518735.1_EBS10Xv2
LIP,LOC113442310_exon-2_|_GCF_900518735.1_EBS10Xv2_15
LIP,LOC113442310_exon-3_|_GCF_900518735.1_EBS10Xv2
LIP,LOC113442310_exon-4_|_GCF_900518735.1_EBS10Xv2
LIP,LOC113442310_exon-5_|_GCF_900518735.1_EBS10Xv2
LIP,LOC113442310_exon-6_|_GCF_900518735.1_EBS10Xv2
LIP,LOC113442310_exon-7_|_GCF_900518735.1_EBS10Xv2
LIP,LOC113442310_exon-8_|_GCF_900518735.1_EBS10Xv2
LIP,LOC113442310_exon-9_|_GCF_900518735.1_EBS10Xv2
LIP,LOC113442740_exon-1_|_GCF_900518735.1_EBS10Xv2
LIP,LOC113442740_exon-10_|_GCF_900518735.1_EBS10Xv2
LIP,LOC113442740_exon-2_|_GCF_900518735.1_EBS10Xv2
LIP,LOC113442740_exon-3_|_GCF_900518735.1_EBS10Xv2
LIP,LOC113442740_exon-4_|_GCF_900518735.1_EBS10Xv2
LIP,LOC113442740_exon-5_|_GCF_900518735.1_EBS10Xv2
LIP,LOC113442740_exon-6_|_GCF_900518735.1_EBS10Xv2
LIP,LOC113442740_exon-7_|_GCF_900518735.1_EBS10Xv2
LIP,LOC113442740_exon-8_|_GCF_900518735.1_EBS10Xv2
LIP,LOC113442740_exon-9_|_GCF_900518735.1_EBS10Xv2
LIP,LOC113442743_exon-1_|_GCF_900518735.1_EBS10Xv2
LIP,LOC113442743_exon-10_|_GCF_900518735.1_EBS10Xv2
LIP,LOC113442743_exon-11_|_GCF_900518735.1_EBS10Xv2
LIP,LOC113442743_exon-12_|_GCF_900518735.1_EBS10Xv2
LIP,LOC113442743_exon-13_|_GCF_900518735.1_EBS10Xv2
LIP,LOC113442743_exon-14_|_GCF_900518735.1_EBS10Xv2
LIP,LOC113442743_exon-15_|_GCF_900518735.1_EBS10Xv2
LIP,LOC113442743_exon-16_|_GCF_900518735.1_EBS10Xv2
LIP,LOC113442743_exon-2_|_GCF_900518735.1_EBS10Xv2
LIP,LOC113442743_exon-3_|_GCF_900518735.1_EBS10Xv2
LIP,LOC113442743_exon-4_|_GCF_900518735.1_EBS10Xv2
LIP,LOC113442743_exon-5_|_GCF_900518735.1_EBS10Xv2
LIP,LOC113442743_exon-6_|_GCF_900518735.1_EBS10Xv2
LIP,LOC113442743_exon-7_|_GCF_900518735.1_EBS10Xv2
LIP,LOC113442743_exon-8_|_GCF_900518735.1_EBS10Xv2
LIP,LOC113442743_exon-9_|_GCF_900518735.1_EBS10Xv2
LIP,LOC113442745_exon-1_|_GCF_900518735.1_EBS10Xv2
LIP,LOC113442745_exon-2_|_GCF_900518735.1_EBS10Xv2
LIP,LOC113442745_exon-3_|_GCF_900518735.1_EBS10Xv2
LIP,LOC113442745_exon-4_|_GCF_900518735.1_EBS10Xv2
LIP,LOC113442745_exon-5_|_GCF_900518735.1_EBS10Xv2
LIP,LOC113442745_exon-6_|_GCF_900518735.1_EBS10Xv2
LIP,LOC113442745_exon-7_|_GCF_900518735.1_EBS10Xv2
LIP,LOC113449019_exon-1_|_GCF_900518735.1_EBS10Xv2
LIP,LOC113449019_exon-10_|_GCF_900518735.1_EBS10Xv2
LIP,LOC113449019_exon-2_|_GCF_900518735.1_EBS10Xv2
LIP,LOC113449019_exon-3_|_GCF_900518735.1_EBS10Xv2
LIP,LOC113449019_exon-4_|_GCF_900518735.1_EBS10Xv2
LIP,LOC113449019_exon-5_|_GCF_900518735.1_EBS10Xv2
LIP,LOC113449019_exon-6_|_GCF_900518735.1_EBS10Xv2
LIP,LOC113449019_exon-7_|_GCF_900518735.1_EBS10Xv2
LIP,LOC113449019_exon-8_|_GCF_900518735.1_EBS10Xv2
LIP,LOC113449019_exon-9_|_GCF_900518735.1_EBS10Xv2
LIP,LPL_exon-1_|_GCF_900518735.1_EBS10Xv2
LIP,LPL_exon-10_|_GCF_900518735.1_EBS10Xv2
LIP,LPL_exon-2_|_GCF_900518735.1_EBS10Xv2
LIP,LPL_exon-3_|_GCF_900518735.1_EBS10Xv2
LIP,LPL_exon-4_|_GCF_900518735.1_EBS10Xv2
LIP,LPL_exon-5_|_GCF_900518735.1_EBS10Xv2
LIP,LPL_exon-6_|_GCF_900518735.1_EBS10Xv2
LIP,LPL_exon-7_|_GCF_900518735.1_EBS10Xv2
LIP,LPL_exon-8_|_GCF_900518735.1_EBS10Xv2
LIP,LPL_exon-9_|_GCF_900518735.1_EBS10Xv2
LIP,PLA1A_exon-10_|_GCF_900518735.1_EBS10Xv2
LIP,PLA1A_exon-11_|_GCF_900518735.1_EBS10Xv2
LIP,PLA1A_exon-12_|_GCF_900518735.1_EBS10Xv2
LIP,PLA1A_exon-2_|_GCF_900518735.1_EBS10Xv2
LIP,PLA1A_exon-3_|_GCF_900518735.1_EBS10Xv2
LIP,PLA1A_exon-4_|_GCF_900518735.1_EBS10Xv2
LIP,PLA1A_exon-5_|_GCF_900518735.1_EBS10Xv2
LIP,PLA1A_exon-6_|_GCF_900518735.1_EBS10Xv2
LIP,PLA1A_exon-7_|_GCF_900518735.1_EBS10Xv2
LIP,PLA1A_exon-8_|_GCF_900518735.1_EBS10Xv2
LIP,PLA1A_exon-9_|_GCF_900518735.1_EBS10Xv2
LIP,PLA2G15_exon-1_|_GCF_900518735.1_EBS10Xv2
LIP,PLA2G15_exon-2_|_GCF_900518735.1_EBS10Xv2
LIP,PLA2G15_exon-3_|_GCF_900518735.1_EBS10Xv2
LIP,PLA2G15_exon-4_|_GCF_900518735.1_EBS10Xv2
LIP,PLA2G15_exon-5_|_GCF_900518735.1_EBS10Xv2
LIP,PLA2G15_exon-6_|_GCF_900518735.1_EBS10Xv2
LIP,PLA2G7_exon-1_|_GCF_900518735.1_EBS10Xv2
LIP,PLA2G7_exon-1_|_GCF_900518735.1_EBS10Xv2_14
LIP,PLA2G7_exon-10_|_GCF_900518735.1_EBS10Xv2
LIP,PLA2G7_exon-11_|_GCF_900518735.1_EBS10Xv2
LIP,PLA2G7_exon-2_|_GCF_900518735.1_EBS10Xv2
LIP,PLA2G7_exon-3_|_GCF_900518735.1_EBS10Xv2
LIP,PLA2G7_exon-4_|_GCF_900518735.1_EBS10Xv2
LIP,PLA2G7_exon-5_|_GCF_900518735.1_EBS10Xv2
LIP,PLA2G7_exon-6_|_GCF_900518735.1_EBS10Xv2
LIP,PLA2G7_exon-7_|_GCF_900518735.1_EBS10Xv2
LIP,PLA2G7_exon-8_|_GCF_900518735.1_EBS10Xv2
LIP,PLA2G7_exon-9_|_GCF_900518735.1_EBS10Xv2
MC,MTCH2_exon-1_|_GCF_900518735.1_EBS10Xv2
MC,MTCH2_exon-10_|_GCF_900518735.1_EBS10Xv2
MC,MTCH2_exon-11_|_GCF_900518735.1_EBS10Xv2
MC,MTCH2_exon-12_|_GCF_900518735.1_EBS10Xv2
MC,MTCH2_exon-13_|_GCF_900518735.1_EBS10Xv2
MC,MTCH2_exon-2_|_GCF_900518735.1_EBS10Xv2
MC,MTCH2_exon-3_|_GCF_900518735.1_EBS10Xv2
MC,MTCH2_exon-5_|_GCF_900518735.1_EBS10Xv2
MC,MTCH2_exon-6_|_GCF_900518735.1_EBS10Xv2
MC,MTCH2_exon-7_|_GCF_900518735.1_EBS10Xv2
MC,MTCH2_exon-8_|_GCF_900518735.1_EBS10Xv2
MC,MTCH2_exon-9_|_GCF_900518735.1_EBS10Xv2
MCAF,ATF7IP_exon-1_|_GCF_900518735.1_EBS10Xv2
MCAF,ATF7IP_exon-1_|_GCF_900518735.1_EBS10Xv2_33
MCAF,ATF7IP_exon-1_|_GCF_900518735.1_EBS10Xv2_34
MCAF,ATF7IP_exon-1_|_GCF_900518735.1_EBS10Xv2_35
MCAF,ATF7IP_exon-1_|_GCF_900518735.1_EBS10Xv2_36
MCAF,ATF7IP_exon-1_|_GCF_900518735.1_EBS10Xv2_37
MCAF,ATF7IP_exon-10_|_GCF_900518735.1_EBS10Xv2
MCAF,ATF7IP_exon-11_|_GCF_900518735.1_EBS10Xv2
MCAF,ATF7IP_exon-13_|_GCF_900518735.1_EBS10Xv2
MCAF,ATF7IP_exon-14_|_GCF_900518735.1_EBS10Xv2
MCAF,ATF7IP_exon-14_|_GCF_900518735.1_EBS10Xv2_39
MCAF,ATF7IP_exon-15_|_GCF_900518735.1_EBS10Xv2
MCAF,ATF7IP_exon-2_|_GCF_900518735.1_EBS10Xv2
MCAF,ATF7IP_exon-2_|_GCF_900518735.1_EBS10Xv2_38
MCAF,ATF7IP_exon-3_|_GCF_900518735.1_EBS10Xv2
MCAF,ATF7IP_exon-4_|_GCF_900518735.1_EBS10Xv2
MCAF,ATF7IP_exon-5_|_GCF_900518735.1_EBS10Xv2
MCAF,ATF7IP_exon-6_|_GCF_900518735.1_EBS10Xv2
MCAF,ATF7IP_exon-7_|_GCF_900518735.1_EBS10Xv2
MCAF,ATF7IP_exon-8_|_GCF_900518735.1_EBS10Xv2
MCAF,ATF7IP_exon-9_|_GCF_900518735.1_EBS10Xv2
MCO,CP_exon-1_|_GCF_900518735.1_EBS10Xv2
MCO,CP_exon-10_|_GCF_900518735.1_EBS10Xv2
MCO,CP_exon-11_|_GCF_900518735.1_EBS10Xv2
MCO,CP_exon-12_|_GCF_900518735.1_EBS10Xv2
MCO,CP_exon-13_|_GCF_900518735.1_EBS10Xv2
MCO,CP_exon-14_|_GCF_900518735.1_EBS10Xv2
MCO,CP_exon-15_|_GCF_900518735.1_EBS10Xv2
MCO,CP_exon-16_|_GCF_900518735.1_EBS10Xv2
MCO,CP_exon-17_|_GCF_900518735.1_EBS10Xv2
MCO,CP_exon-2_|_GCF_900518735.1_EBS10Xv2
MCO,CP_exon-3_|_GCF_900518735.1_EBS10Xv2
MCO,CP_exon-4_|_GCF_900518735.1_EBS10Xv2
MCO,CP_exon-5_|_GCF_900518735.1_EBS10Xv2
MCO,CP_exon-6_|_GCF_900518735.1_EBS10Xv2
MCO,CP_exon-7_|_GCF_900518735.1_EBS10Xv2
MCO,CP_exon-8_|_GCF_900518735.1_EBS10Xv2
MCO,CP_exon-9_|_GCF_900518735.1_EBS10Xv2
MCO,F8_exon-1_|_GCF_900518735.1_EBS10Xv2
MCO,F8_exon-10_|_GCF_900518735.1_EBS10Xv2
MCO,F8_exon-11_|_GCF_900518735.1_EBS10Xv2
MCO,F8_exon-12_|_GCF_900518735.1_EBS10Xv2
MCO,F8_exon-13_|_GCF_900518735.1_EBS10Xv2
MCO,F8_exon-14_|_GCF_900518735.1_EBS10Xv2
MCO,F8_exon-15_|_GCF_900518735.1_EBS10Xv2
MCO,F8_exon-16_|_GCF_900518735.1_EBS10Xv2
MCO,F8_exon-17_|_GCF_900518735.1_EBS10Xv2
MCO,F8_exon-18_|_GCF_900518735.1_EBS10Xv2
MCO,F8_exon-19_|_GCF_900518735.1_EBS10Xv2
MCO,F8_exon-2_|_GCF_900518735.1_EBS10Xv2
MCO,F8_exon-20_|_GCF_900518735.1_EBS10Xv2
MCO,F8_exon-21_|_GCF_900518735.1_EBS10Xv2
MCO,F8_exon-22_|_GCF_900518735.1_EBS10Xv2
MCO,F8_exon-23_|_GCF_900518735.1_EBS10Xv2
MCO,F8_exon-24_|_GCF_900518735.1_EBS10Xv2
MCO,F8_exon-25_|_GCF_900518735.1_EBS10Xv2
MCO,F8_exon-26_|_GCF_900518735.1_EBS10Xv2
MCO,F8_exon-3_|_GCF_900518735.1_EBS10Xv2
MCO,F8_exon-4_|_GCF_900518735.1_EBS10Xv2
MCO,F8_exon-5_|_GCF_900518735.1_EBS10Xv2
MCO,F8_exon-6_|_GCF_900518735.1_EBS10Xv2
MCO,F8_exon-7_|_GCF_900518735.1_EBS10Xv2
MCO,F8_exon-8_|_GCF_900518735.1_EBS10Xv2
MCO,F8_exon-9_|_GCF_900518735.1_EBS10Xv2
MCO,HEPH_exon-1_|_GCF_900518735.1_EBS10Xv2
MCO,HEPH_exon-10_|_GCF_900518735.1_EBS10Xv2
MCO,HEPH_exon-11_|_GCF_900518735.1_EBS10Xv2
MCO,HEPH_exon-12_|_GCF_900518735.1_EBS10Xv2
MCO,HEPH_exon-13_|_GCF_900518735.1_EBS10Xv2
MCO,HEPH_exon-14_|_GCF_900518735.1_EBS10Xv2
MCO,HEPH_exon-15_|_GCF_900518735.1_EBS10Xv2
MCO,HEPH_exon-16_|_GCF_900518735.1_EBS10Xv2
MCO,HEPH_exon-17_|_GCF_900518735.1_EBS10Xv2
MCO,HEPH_exon-18_|_GCF_900518735.1_EBS10Xv2
MCO,HEPH_exon-19_|_GCF_900518735.1_EBS10Xv2
MCO,HEPH_exon-2_|_GCF_900518735.1_EBS10Xv2
MCO,HEPH_exon-20_|_GCF_900518735.1_EBS10Xv2
MCO,HEPH_exon-21_|_GCF_900518735.1_EBS10Xv2
MCO,HEPH_exon-22_|_GCF_900518735.1_EBS10Xv2
MCO,HEPH_exon-3_|_GCF_900518735.1_EBS10Xv2
MCO,HEPH_exon-4_|_GCF_900518735.1_EBS10Xv2
MCO,HEPH_exon-5_|_GCF_900518735.1_EBS10Xv2
MCO,HEPH_exon-6_|_GCF_900518735.1_EBS10Xv2
MCO,HEPH_exon-7_|_GCF_900518735.1_EBS10Xv2
MCO,HEPH_exon-8_|_GCF_900518735.1_EBS10Xv2
MCO,HEPH_exon-9_|_GCF_900518735.1_EBS10Xv2
MCO,HEPHL1_exon-1_|_GCF_900518735.1_EBS10Xv2
MCO,HEPHL1_exon-10_|_GCF_900518735.1_EBS10Xv2
MCO,HEPHL1_exon-11_|_GCF_900518735.1_EBS10Xv2
MCO,HEPHL1_exon-12_|_GCF_900518735.1_EBS10Xv2
MCO,HEPHL1_exon-13_|_GCF_900518735.1_EBS10Xv2
MCO,HEPHL1_exon-14_|_GCF_900518735.1_EBS10Xv2
MCO,HEPHL1_exon-15_|_GCF_900518735.1_EBS10Xv2
MCO,HEPHL1_exon-16_|_GCF_900518735.1_EBS10Xv2
MCO,HEPHL1_exon-17_|_GCF_900518735.1_EBS10Xv2
MCO,HEPHL1_exon-18_|_GCF_900518735.1_EBS10Xv2
MCO,HEPHL1_exon-19_|_GCF_900518735.1_EBS10Xv2
MCO,HEPHL1_exon-2_|_GCF_900518735.1_EBS10Xv2
MCO,HEPHL1_exon-3_|_GCF_900518735.1_EBS10Xv2
MCO,HEPHL1_exon-4_|_GCF_900518735.1_EBS10Xv2
MCO,HEPHL1_exon-5_|_GCF_900518735.1_EBS10Xv2
MCO,HEPHL1_exon-6_|_GCF_900518735.1_EBS10Xv2
MCO,HEPHL1_exon-7_|_GCF_900518735.1_EBS10Xv2
MCO,HEPHL1_exon-8_|_GCF_900518735.1_EBS10Xv2
MCO,HEPHL1_exon-9_|_GCF_900518735.1_EBS10Xv2
MCO,LOC113452147_exon-1_|_GCF_900518735.1_EBS10Xv2
MCO,LOC113452147_exon-10_|_GCF_900518735.1_EBS10Xv2
MCO,LOC113452147_exon-11_|_GCF_900518735.1_EBS10Xv2
MCO,LOC113452147_exon-12_|_GCF_900518735.1_EBS10Xv2
MCO,LOC113452147_exon-13_|_GCF_900518735.1_EBS10Xv2
MCO,LOC113452147_exon-14_|_GCF_900518735.1_EBS10Xv2
MCO,LOC113452147_exon-15_|_GCF_900518735.1_EBS10Xv2
MCO,LOC113452147_exon-2_|_GCF_900518735.1_EBS10Xv2
MCO,LOC113452147_exon-3_|_GCF_900518735.1_EBS10Xv2
MCO,LOC113452147_exon-4_|_GCF_900518735.1_EBS10Xv2
MCO,LOC113452147_exon-5_|_GCF_900518735.1_EBS10Xv2
MCO,LOC113452147_exon-6_|_GCF_900518735.1_EBS10Xv2
MCO,LOC113452147_exon-7_|_GCF_900518735.1_EBS10Xv2
MCO,LOC113452147_exon-8_|_GCF_900518735.1_EBS10Xv2
MCO,LOC113452147_exon-9_|_GCF_900518735.1_EBS10Xv2
MCO,Sangercluster_0
MCO,Transcriptome_FA5V
MYO,Genome_Toxin26480_MYO
MYO,Genome_Toxin26833_MYO
NGFb,BDNF_exon-1_|_GCF_900518735.1_EBS10Xv2
NGFb,BDNF_exon-2_|_GCF_900518735.1_EBS10Xv2
NGFb,Genome_Toxin29348_NGF
NGFb,NTF3_exon-1_|_GCF_900518735.1_EBS10Xv2
NGFb,NTF3_exon-2_|_GCF_900518735.1_EBS10Xv2
NGFb,NTF3_exon-3_|_GCF_900518735.1_EBS10Xv2
NP,LOC113449875_exon-1_|_GCF_900518735.1_EBS10Xv2
NP,LOC113449875_exon-2_|_GCF_900518735.1_EBS10Xv2
NP,LOC113449876_exon-1_|_GCF_900518735.1_EBS10Xv2
NP,LOC113450044_exon-1_|_GCF_900518735.1_EBS10Xv2
NP,LOC113450044_exon-2_|_GCF_900518735.1_EBS10Xv2
NP,LOC113450044_exon-3_|_GCF_900518735.1_EBS10Xv2
NP,LOC113450065_exon-1_|_GCF_900518735.1_EBS10Xv2
NP,LOC113450065_exon-2_|_GCF_900518735.1_EBS10Xv2
NP,LOC113450065_exon-3_|_GCF_900518735.1_EBS10Xv2
NP,Sangercluster_49
NP,Transcriptome_NP
NPY-GTT,Genome_Toxin6647_Goannatyrotoxin
nv-ABL2,Sangercluster_25
nv-ACTA1,Sangercluster_62
nv-ACTB,Sangercluster_54
nv-ACTB,Sangercluster_75
nv-AKR1A1,Sangercluster_126
nv-AP3D1,Sangercluster_117
nv-ATP2A1,Sangercluster_52
nv-ATP5ME,Sangercluster_136
nv-CFL1,Sangercluster_108
nv-CHRNA1,Sangercluster_137
nv-CKM,Sangercluster_71
nv-COPB2,Sangercluster_61
nv-COX4I1,Sangercluster_68
nv-DNAJC1,Sangercluster_119
nv-EEF2,Sangercluster_30
nv-EIF4EBP1,Sangercluster_129
nv-FAM3A,Sangercluster_56
nv-GNPNAT1,Sangercluster_82
nv-GTPBP4,Sangercluster_77
nv-GTPBP4,Sangercluster_84
nv-HSP90AB1,Sangercluster_6
nv-HSPA2,Sangercluster_9
nv-IFI30,Sangercluster_33
nv-LARP1,Sangercluster_124
nv-LRAT,Sangercluster_10
nv-MRPL12,Sangercluster_104
nv-MRPL47,Sangercluster_115
nv-MYL5,Sangercluster_92
nv-NEB,Sangercluster_48
nv-NMD3,Sangercluster_102
nv-OST4,Sangercluster_130
nv-P4HB,Sangercluster_8
nv-PABPC1,Sangercluster_42
nv-PAIP2,Sangercluster_27
nv-PCF11,Sangercluster_46
nv-PDGFD,Sangercluster_98
nv-PPDPF,Sangercluster_47
nv-PPP3R1,Sangercluster_38
nv-PSMB1,Sangercluster_90
nv-RNASEH2A,Sangercluster_44
nv-RPL13A,Sangercluster_79
nv-RPLP1,Sangercluster_131
nv-RPN1,Sangercluster_50
nv-RPN1,Sangercluster_96
nv-RPS18,Sangercluster_133
nv-RPS2,Sangercluster_53
nv-RPS20,Sangercluster_121
nv-RPS8,Sangercluster_81
nv-SEC63,Sangercluster_40
nv-SLC25A5,Sangercluster_65
nv-SMARCA2,Sangercluster_118
nv-SSR4,Sangercluster_91
nv-SUPT20H,Sangercluster_97
nv-TCF3,Sangercluster_99
nv-TMED10,Sangercluster_127
nv-TMED7,Sangercluster_70
nv-TP53I11,Sangercluster_59
nv-TRAPPC3,Sangercluster_57
nv-TXLNB,Sangercluster_107
nv-VRK3,Sangercluster_39
nv-XPO5,Sangercluster_87
nv-ZFP318L,Sangercluster_7
nv-ZFPccch,Sangercluster_101
PDE,ENPP1_exon-1_|_GCF_900518735.1_EBS10Xv2
PDE,ENPP1_exon-10_|_GCF_900518735.1_EBS10Xv2
PDE,ENPP1_exon-11_|_GCF_900518735.1_EBS10Xv2
PDE,ENPP1_exon-12_|_GCF_900518735.1_EBS10Xv2
PDE,ENPP1_exon-13_|_GCF_900518735.1_EBS10Xv2
PDE,ENPP1_exon-14_|_GCF_900518735.1_EBS10Xv2
PDE,ENPP1_exon-15_|_GCF_900518735.1_EBS10Xv2
PDE,ENPP1_exon-16_|_GCF_900518735.1_EBS10Xv2
PDE,ENPP1_exon-17_|_GCF_900518735.1_EBS10Xv2
PDE,ENPP1_exon-18_|_GCF_900518735.1_EBS10Xv2
PDE,ENPP1_exon-19_|_GCF_900518735.1_EBS10Xv2
PDE,ENPP1_exon-2_|_GCF_900518735.1_EBS10Xv2
PDE,ENPP1_exon-20_|_GCF_900518735.1_EBS10Xv2
PDE,ENPP1_exon-21_|_GCF_900518735.1_EBS10Xv2
PDE,ENPP1_exon-22_|_GCF_900518735.1_EBS10Xv2
PDE,ENPP1_exon-23_|_GCF_900518735.1_EBS10Xv2
PDE,ENPP1_exon-24_|_GCF_900518735.1_EBS10Xv2
PDE,ENPP1_exon-25_|_GCF_900518735.1_EBS10Xv2
PDE,ENPP1_exon-3_|_GCF_900518735.1_EBS10Xv2
PDE,ENPP1_exon-4_|_GCF_900518735.1_EBS10Xv2
PDE,ENPP1_exon-5_|_GCF_900518735.1_EBS10Xv2
PDE,ENPP1_exon-6_|_GCF_900518735.1_EBS10Xv2
PDE,ENPP1_exon-7_|_GCF_900518735.1_EBS10Xv2
PDE,ENPP1_exon-8_|_GCF_900518735.1_EBS10Xv2
PDE,ENPP1_exon-9_|_GCF_900518735.1_EBS10Xv2
PDE,ENPP2_exon-1_|_GCF_900518735.1_EBS10Xv2
PDE,ENPP2_exon-1_|_GCF_900518735.1_EBS10Xv2_4
PDE,ENPP2_exon-10_|_GCF_900518735.1_EBS10Xv2
PDE,ENPP2_exon-11_|_GCF_900518735.1_EBS10Xv2
PDE,ENPP2_exon-12_|_GCF_900518735.1_EBS10Xv2
PDE,ENPP2_exon-13_|_GCF_900518735.1_EBS10Xv2
PDE,ENPP2_exon-14_|_GCF_900518735.1_EBS10Xv2
PDE,ENPP2_exon-15_|_GCF_900518735.1_EBS10Xv2
PDE,ENPP2_exon-16_|_GCF_900518735.1_EBS10Xv2
PDE,ENPP2_exon-17_|_GCF_900518735.1_EBS10Xv2
PDE,ENPP2_exon-18_|_GCF_900518735.1_EBS10Xv2
PDE,ENPP2_exon-19_|_GCF_900518735.1_EBS10Xv2
PDE,ENPP2_exon-2_|_GCF_900518735.1_EBS10Xv2
PDE,ENPP2_exon-20_|_GCF_900518735.1_EBS10Xv2
PDE,ENPP2_exon-21_|_GCF_900518735.1_EBS10Xv2
PDE,ENPP2_exon-22_|_GCF_900518735.1_EBS10Xv2
PDE,ENPP2_exon-23_|_GCF_900518735.1_EBS10Xv2
PDE,ENPP2_exon-24_|_GCF_900518735.1_EBS10Xv2
PDE,ENPP2_exon-25_|_GCF_900518735.1_EBS10Xv2
PDE,ENPP2_exon-26_|_GCF_900518735.1_EBS10Xv2
PDE,ENPP2_exon-27_|_GCF_900518735.1_EBS10Xv2
PDE,ENPP2_exon-3_|_GCF_900518735.1_EBS10Xv2
PDE,ENPP2_exon-4_|_GCF_900518735.1_EBS10Xv2
PDE,ENPP2_exon-5_|_GCF_900518735.1_EBS10Xv2
PDE,ENPP2_exon-6_|_GCF_900518735.1_EBS10Xv2
PDE,ENPP2_exon-7_|_GCF_900518735.1_EBS10Xv2
PDE,ENPP2_exon-8_|_GCF_900518735.1_EBS10Xv2
PDE,ENPP2_exon-9_|_GCF_900518735.1_EBS10Xv2
PDE,ENPP3_exon-1_|_GCF_900518735.1_EBS10Xv2
PDE,ENPP3_exon-1_|_GCF_900518735.1_EBS10Xv2_7
PDE,ENPP3_exon-1_|_GCF_900518735.1_EBS10Xv2_8
PDE,ENPP3_exon-10_|_GCF_900518735.1_EBS10Xv2
PDE,ENPP3_exon-11_|_GCF_900518735.1_EBS10Xv2
PDE,ENPP3_exon-12_|_GCF_900518735.1_EBS10Xv2
PDE,ENPP3_exon-13_|_GCF_900518735.1_EBS10Xv2
PDE,ENPP3_exon-14_|_GCF_900518735.1_EBS10Xv2
PDE,ENPP3_exon-15_|_GCF_900518735.1_EBS10Xv2
PDE,ENPP3_exon-16_|_GCF_900518735.1_EBS10Xv2
PDE,ENPP3_exon-17_|_GCF_900518735.1_EBS10Xv2
PDE,ENPP3_exon-18_|_GCF_900518735.1_EBS10Xv2
PDE,ENPP3_exon-19_|_GCF_900518735.1_EBS10Xv2
PDE,ENPP3_exon-2_|_GCF_900518735.1_EBS10Xv2
PDE,ENPP3_exon-20_|_GCF_900518735.1_EBS10Xv2
PDE,ENPP3_exon-21_|_GCF_900518735.1_EBS10Xv2
PDE,ENPP3_exon-22_|_GCF_900518735.1_EBS10Xv2
PDE,ENPP3_exon-23_|_GCF_900518735.1_EBS10Xv2
PDE,ENPP3_exon-24_|_GCF_900518735.1_EBS10Xv2
PDE,ENPP3_exon-25_|_GCF_900518735.1_EBS10Xv2
PDE,ENPP3_exon-3_|_GCF_900518735.1_EBS10Xv2
PDE,ENPP3_exon-4_|_GCF_900518735.1_EBS10Xv2
PDE,ENPP3_exon-5_|_GCF_900518735.1_EBS10Xv2
PDE,ENPP3_exon-6_|_GCF_900518735.1_EBS10Xv2
PDE,ENPP3_exon-7_|_GCF_900518735.1_EBS10Xv2
PDE,ENPP3_exon-8_|_GCF_900518735.1_EBS10Xv2
PDE,ENPP3_exon-9_|_GCF_900518735.1_EBS10Xv2
PDE,ENPP6_exon-1_|_GCF_900518735.1_EBS10Xv2
PDE,ENPP6_exon-2_|_GCF_900518735.1_EBS10Xv2
PDE,ENPP6_exon-3_|_GCF_900518735.1_EBS10Xv2
PDE,ENPP6_exon-4_|_GCF_900518735.1_EBS10Xv2
PDE,ENPP6_exon-5_|_GCF_900518735.1_EBS10Xv2
PDE,ENPP6_exon-6_|_GCF_900518735.1_EBS10Xv2
PDE,ENPP6_exon-7_|_GCF_900518735.1_EBS10Xv2
PDE,ENPP6_exon-8_|_GCF_900518735.1_EBS10Xv2
PDE,ENPP7_exon-1_|_GCF_900518735.1_EBS10Xv2
PDE,ENPP7_exon-2_|_GCF_900518735.1_EBS10Xv2
PDE,ENPP7_exon-3_|_GCF_900518735.1_EBS10Xv2
PDE,ENPP7_exon-4_|_GCF_900518735.1_EBS10Xv2
PDE,ENPP7_exon-5_|_GCF_900518735.1_EBS10Xv2
PDE,Genome_Toxin3411_PDE4
PDE,Genome_Toxin6648_PDE6
PDE,LOC113438937_exon-1_|_GCF_900518735.1_EBS10Xv2
PDE,LOC113438937_exon-2_|_GCF_900518735.1_EBS10Xv2
PDE,LOC113438937_exon-3_|_GCF_900518735.1_EBS10Xv2
PDE,LOC113438937_exon-4_|_GCF_900518735.1_EBS10Xv2
PDE,LOC113440986_exon-1_|_GCF_900518735.1_EBS10Xv2
PDE,LOC113440986_exon-1_|_GCF_900518735.1_EBS10Xv2_13
PDE,LOC113440986_exon-2_|_GCF_900518735.1_EBS10Xv2
PDE,LOC113440986_exon-3_|_GCF_900518735.1_EBS10Xv2
PDE,LOC113440986_exon-4_|_GCF_900518735.1_EBS10Xv2
PLA2,Genome_Toxin195_PLA2
PLA2,Genome_Toxin333_PLA2
PLA2,Genome_Toxin340_PLA2
PLA2,Genome_Toxin7348_PLA2
PLA2,Genome_Toxin7349_PLA2
PLA2,Genome_Toxin7400_PLA2
PLA2,Genome_Toxin7629_PLA2
PLA2,Genome_Toxin7841_PLA2
PLA2,Genome_Toxin7944_PLA2
PLA2,Genome_Toxin7978_PLA2
PLA2,Genome_Toxin7988_PLA2
PLA2,Genome_Toxin8246_PLA2
PLA2,Genome_Toxin8567_PLA2
PLA2,Genome_Toxin8649_PLA2
PLA2,Genome_Toxin8651_PLA2
PLA2,HHLA1_exon-1_|_GCF_900518735.1_EBS10Xv2
PLA2,HHLA1_exon-10_|_GCF_900518735.1_EBS10Xv2
PLA2,HHLA1_exon-2_|_GCF_900518735.1_EBS10Xv2
PLA2,HHLA1_exon-3_|_GCF_900518735.1_EBS10Xv2
PLA2,HHLA1_exon-4_|_GCF_900518735.1_EBS10Xv2
PLA2,HHLA1_exon-5_|_GCF_900518735.1_EBS10Xv2
PLA2,HHLA1_exon-6_|_GCF_900518735.1_EBS10Xv2
PLA2,HHLA1_exon-7_|_GCF_900518735.1_EBS10Xv2
PLA2,HHLA1_exon-8_|_GCF_900518735.1_EBS10Xv2
PLA2,HHLA1_exon-9_|_GCF_900518735.1_EBS10Xv2
PLA2,LOC113441652_exon-1_|_GCF_900518735.1_EBS10Xv2
PLA2,LOC113441652_exon-2_|_GCF_900518735.1_EBS10Xv2
PLA2,LOC113441652_exon-3_|_GCF_900518735.1_EBS10Xv2
PLA2,LOC113441652_exon-4_|_GCF_900518735.1_EBS10Xv2
PLA2,OC90_exon-1_|_GCF_900518735.1_EBS10Xv2
PLA2,OC90_exon-10_|_GCF_900518735.1_EBS10Xv2
PLA2,OC90_exon-11_|_GCF_900518735.1_EBS10Xv2
PLA2,OC90_exon-12_|_GCF_900518735.1_EBS10Xv2
PLA2,OC90_exon-13_|_GCF_900518735.1_EBS10Xv2
PLA2,OC90_exon-14_|_GCF_900518735.1_EBS10Xv2
PLA2,OC90_exon-15_|_GCF_900518735.1_EBS10Xv2
PLA2,OC90_exon-16_|_GCF_900518735.1_EBS10Xv2
PLA2,OC90_exon-2_|_GCF_900518735.1_EBS10Xv2
PLA2,OC90_exon-3_|_GCF_900518735.1_EBS10Xv2
PLA2,OC90_exon-4_|_GCF_900518735.1_EBS10Xv2
PLA2,OC90_exon-5_|_GCF_900518735.1_EBS10Xv2
PLA2,OC90_exon-6_|_GCF_900518735.1_EBS10Xv2
PLA2,OC90_exon-7_|_GCF_900518735.1_EBS10Xv2
PLA2,OC90_exon-8_|_GCF_900518735.1_EBS10Xv2
PLA2,OC90_exon-9_|_GCF_900518735.1_EBS10Xv2
PLA2,PLA2G10_exon-1_|_GCF_900518735.1_EBS10Xv2
PLA2,PLA2G10_exon-2_|_GCF_900518735.1_EBS10Xv2
PLA2,PLA2G10_exon-3_|_GCF_900518735.1_EBS10Xv2
PLA2,PLA2G10_exon-4_|_GCF_900518735.1_EBS10Xv2
PLA2,PLA2G12A_exon-1_|_GCF_900518735.1_EBS10Xv2
PLA2,PLA2G12A_exon-2_|_GCF_900518735.1_EBS10Xv2
PLA2,PLA2G12A_exon-3_|_GCF_900518735.1_EBS10Xv2
PLA2,PLA2G12A_exon-4_|_GCF_900518735.1_EBS10Xv2
PLA2,PLA2G12B_exon-1_|_GCF_900518735.1_EBS10Xv2
PLA2,PLA2G12B_exon-2_|_GCF_900518735.1_EBS10Xv2
PLA2,PLA2G12B_exon-2_|_GCF_900518735.1_EBS10Xv2_20
PLA2,PLA2G12B_exon-3_|_GCF_900518735.1_EBS10Xv2
PLA2,PLA2G12B_exon-4_|_GCF_900518735.1_EBS10Xv2
PLA2,PLA2G3_exon-1_|_GCF_900518735.1_EBS10Xv2
PLA2,PLA2G3_exon-2_|_GCF_900518735.1_EBS10Xv2
PLA2,PLA2G3_exon-3_|_GCF_900518735.1_EBS10Xv2
PLA2,PLA2G3_exon-4_|_GCF_900518735.1_EBS10Xv2
PLA2,PLA2G3_exon-5_|_GCF_900518735.1_EBS10Xv2
PLA2,PLA2G3_exon-6_|_GCF_900518735.1_EBS10Xv2
PLA2,PLA2G3_exon-7_|_GCF_900518735.1_EBS10Xv2
PLA2,PROCA1_exon-1_|_GCF_900518735.1_EBS10Xv2
PLA2,PROCA1_exon-2_|_GCF_900518735.1_EBS10Xv2
PLA2,PROCA1_exon-3_|_GCF_900518735.1_EBS10Xv2
PLA2,PROCA1_exon-4_|_GCF_900518735.1_EBS10Xv2
PLA2,Sangercluster_114
PLA2,Sangercluster_116
PLA2,Sangercluster_120
PLA2,Sangercluster_122
PLA2,Sangercluster_69
PLA2,Sangercluster_72
PLA2,Sangercluster_86
PLA2,Sangercluster_88
PLA2,Sangercluster_89
PLA2,Transcriptome_PLA2
PLA2_unchar,LOC113434791_exon-1_|_GCF_900518735.1_EBS10Xv2
PLA2_unchar,LOC113434791_exon-2_|_GCF_900518735.1_EBS10Xv2
PLA2-I,Genome_Toxin132_PLA2
PLA2-I,Genome_Toxin142_PLA2
PLA2-I,Genome_Toxin148_PLA2
PLA2-I,Genome_Toxin173_PLA2
PLA2-I,Genome_Toxin209_PLA2
PLA2-I,Genome_Toxin27_PLA2
PLA2-I,Genome_Toxin323_PLA2
PLA2-I,Genome_Toxin391_PLA2
PLA2-I,Genome_Toxin486_PLA2
PLA2-I,Genome_Toxin53_PLA2
PLA2-I,Genome_Toxin73_PLA2
PLA2-I,Genome_Toxin7553_PLA2
PLA2-I,LOC113448108_exon-1_|_GCF_900518735.1_EBS10Xv2
PLA2-I,LOC113448108_exon-2_|_GCF_900518735.1_EBS10Xv2
PLA2-II,Genome_Toxin164_PLA2
PLA2-II,Genome_Toxin35_PLA2
PLA2-II,Genome_Toxin366_PLA2
PLA2-II,Genome_Toxin478_PLA2
PLA2-II,Genome_Toxin7483_PLA2
PLA2-II,Genome_Toxin7718_PLA2
PLA2-II,Genome_Toxin8088_PLA2
PLA2-II,Genome_Toxin8249_PLA2
PLA2-II,Genome_Toxin8334_PLA2
PLA2-II,Genome_Toxin8542_PLA2
PLA2-II,LOC113449733_exon-1_|_GCF_900518735.1_EBS10Xv2
PLA2-II,LOC113449733_exon-2_|_GCF_900518735.1_EBS10Xv2
PLA2-II,LOC113449733_exon-3_|_GCF_900518735.1_EBS10Xv2
PLA2-II,LOC113449733_exon-4_|_GCF_900518735.1_EBS10Xv2
PLA2-II,LOC113449733_exon-7_|_GCF_900518735.1_EBS10Xv2
PLB,PLBD1_exon-1_|_GCF_900518735.1_EBS10Xv2
PLB,PLBD1_exon-10_|_GCF_900518735.1_EBS10Xv2
PLB,PLBD1_exon-11_|_GCF_900518735.1_EBS10Xv2
PLB,PLBD1_exon-2_|_GCF_900518735.1_EBS10Xv2
PLB,PLBD1_exon-3_|_GCF_900518735.1_EBS10Xv2
PLB,PLBD1_exon-4_|_GCF_900518735.1_EBS10Xv2
PLB,PLBD1_exon-5_|_GCF_900518735.1_EBS10Xv2
PLB,PLBD1_exon-6_|_GCF_900518735.1_EBS10Xv2
PLB,PLBD1_exon-7_|_GCF_900518735.1_EBS10Xv2
PLB,PLBD1_exon-8_|_GCF_900518735.1_EBS10Xv2
PLB,PLBD1_exon-9_|_GCF_900518735.1_EBS10Xv2
PLB,PLBD2_exon-1_|_GCF_900518735.1_EBS10Xv2
PLB,PLBD2_exon-10_|_GCF_900518735.1_EBS10Xv2
PLB,PLBD2_exon-11_|_GCF_900518735.1_EBS10Xv2
PLB,PLBD2_exon-12_|_GCF_900518735.1_EBS10Xv2
PLB,PLBD2_exon-2_|_GCF_900518735.1_EBS10Xv2
PLB,PLBD2_exon-3_|_GCF_900518735.1_EBS10Xv2
PLB,PLBD2_exon-4_|_GCF_900518735.1_EBS10Xv2
PLB,PLBD2_exon-5_|_GCF_900518735.1_EBS10Xv2
PLB,PLBD2_exon-6_|_GCF_900518735.1_EBS10Xv2
PLB,PLBD2_exon-7_|_GCF_900518735.1_EBS10Xv2
PLB,PLBD2_exon-8_|_GCF_900518735.1_EBS10Xv2
PLB,PLBD2_exon-9_|_GCF_900518735.1_EBS10Xv2
PLB,Sangercluster_20
PLI-a,LOC113445421_exon-1_|_GCF_900518735.1_EBS10Xv2
PLI-a,LOC113445421_exon-2_|_GCF_900518735.1_EBS10Xv2
PLI-a,LOC113445421_exon-3_|_GCF_900518735.1_EBS10Xv2
PLI-a,LOC113445421_exon-4_|_GCF_900518735.1_EBS10Xv2
PLI-a,LOC113453380_exon-3_|_GCF_900518735.1_EBS10Xv2
PLI-b,LOC113452914_exon-1_|_GCF_900518735.1_EBS10Xv2
PLI-b,LOC113452914_exon-2_|_GCF_900518735.1_EBS10Xv2
PLI-g,LOC113445080_exon-1_|_GCF_900518735.1_EBS10Xv2
PLI-g,LOC113445080_exon-2_|_GCF_900518735.1_EBS10Xv2
PLI-g,LOC113445080_exon-3_|_GCF_900518735.1_EBS10Xv2
PLI-g,LOC113445080_exon-4_|_GCF_900518735.1_EBS10Xv2
PLI-g,LOC113445080_exon-5_|_GCF_900518735.1_EBS10Xv2
PLI-g,LOC113446041_exon-1_|_GCF_900518735.1_EBS10Xv2
PLI-g,LOC113446041_exon-2_|_GCF_900518735.1_EBS10Xv2
PLI-g,LOC113446041_exon-3_|_GCF_900518735.1_EBS10Xv2
PLI-g,LOC113446041_exon-4_|_GCF_900518735.1_EBS10Xv2
PLI-g,LOC113446041_exon-5_|_GCF_900518735.1_EBS10Xv2
PLI-g,LOC113446041_exon-6_|_GCF_900518735.1_EBS10Xv2
PLI-g,LOC113451414_exon-1_|_GCF_900518735.1_EBS10Xv2
PLI-g,LOC113451414_exon-2_|_GCF_900518735.1_EBS10Xv2
PLI-g,LOC113451414_exon-3_|_GCF_900518735.1_EBS10Xv2
PLI-g,LOC113451414_exon-4_|_GCF_900518735.1_EBS10Xv2
PLI-g,LOC113451414_exon-5_|_GCF_900518735.1_EBS10Xv2
PLI-g,LOC113451414_exon-6_|_GCF_900518735.1_EBS10Xv2
PLI-g,LOC113451416_exon-1_|_GCF_900518735.1_EBS10Xv2
PLI-g,LOC113451416_exon-2_|_GCF_900518735.1_EBS10Xv2
PLI-g,LOC113451416_exon-3_|_GCF_900518735.1_EBS10Xv2
PLI-g,LOC113451416_exon-4_|_GCF_900518735.1_EBS10Xv2
PLI-g,LOC113451416_exon-5_|_GCF_900518735.1_EBS10Xv2
PLI-g,LOC113451416_exon-6_|_GCF_900518735.1_EBS10Xv2
PLI-g,LOC113451421_exon-1_|_GCF_900518735.1_EBS10Xv2
PLI-g,LOC113451421_exon-2_|_GCF_900518735.1_EBS10Xv2
PLI-g,LOC113451421_exon-3_|_GCF_900518735.1_EBS10Xv2
PLI-g,LOC113451421_exon-4_|_GCF_900518735.1_EBS10Xv2
PLI-g,LOC113451421_exon-5_|_GCF_900518735.1_EBS10Xv2
PLI-g,LOC113452337_exon-1_|_GCF_900518735.1_EBS10Xv2
PLI-g,LOC113452337_exon-2_|_GCF_900518735.1_EBS10Xv2
PLI-g,LOC113452337_exon-3_|_GCF_900518735.1_EBS10Xv2
PLI-g,LOC113452337_exon-4_|_GCF_900518735.1_EBS10Xv2
PLI-g,LOC113452574_exon-1_|_GCF_900518735.1_EBS10Xv2
PLI-g,LOC113452574_exon-2_|_GCF_900518735.1_EBS10Xv2
PLI-g,LOC113452574_exon-3_|_GCF_900518735.1_EBS10Xv2
PLI-g,LOC113452574_exon-4_|_GCF_900518735.1_EBS10Xv2
PLI-g,LOC113452574_exon-5_|_GCF_900518735.1_EBS10Xv2
PLI-g,LOC113452574_exon-6_|_GCF_900518735.1_EBS10Xv2
PLI-g,LOC113453132_exon-1_|_GCF_900518735.1_EBS10Xv2
PLI-g,LOC113453132_exon-2_|_GCF_900518735.1_EBS10Xv2
PLI-g,LOC113453132_exon-3_|_GCF_900518735.1_EBS10Xv2
PLI-g,Sangercluster_93
PLI-g,Sangercluster_95
QC,QPCT_exon-1_|_GCF_900518735.1_EBS10Xv2
QC,QPCT_exon-2_|_GCF_900518735.1_EBS10Xv2
QC,QPCT_exon-3_|_GCF_900518735.1_EBS10Xv2
QC,QPCT_exon-4_|_GCF_900518735.1_EBS10Xv2
QC,QPCT_exon-5_|_GCF_900518735.1_EBS10Xv2
QC,QPCT_exon-6_|_GCF_900518735.1_EBS10Xv2
QC,QPCT_exon-7_|_GCF_900518735.1_EBS10Xv2
QC,QPCTL_exon-1_|_GCF_900518735.1_EBS10Xv2
QC,QPCTL_exon-2_|_GCF_900518735.1_EBS10Xv2
QC,QPCTL_exon-3_|_GCF_900518735.1_EBS10Xv2
QC,QPCTL_exon-4_|_GCF_900518735.1_EBS10Xv2
QC,QPCTL_exon-5_|_GCF_900518735.1_EBS10Xv2
QC,QPCTL_exon-6_|_GCF_900518735.1_EBS10Xv2
QC,QPCTL_exon-7_|_GCF_900518735.1_EBS10Xv2
RING,MUL1_exon-1_|_GCF_900518735.1_EBS10Xv2
RING,MUL1_exon-1_|_GCF_900518735.1_EBS10Xv2_28
RING,MUL1_exon-2_|_GCF_900518735.1_EBS10Xv2
RING,MUL1_exon-2_|_GCF_900518735.1_EBS10Xv2_29
RING,MUL1_exon-3_|_GCF_900518735.1_EBS10Xv2
RING,MUL1_exon-3_|_GCF_900518735.1_EBS10Xv2_30
RING,MUL1_exon-4_|_GCF_900518735.1_EBS10Xv2
RING,MUL1_exon-4_|_GCF_900518735.1_EBS10Xv2_31
RING,MUL1_exon-5_|_GCF_900518735.1_EBS10Xv2
RING,MUL1_exon-5_|_GCF_900518735.1_EBS10Xv2_32
RING,MUL1_exon-6_|_GCF_900518735.1_EBS10Xv2
SLC30,SLC30A6_exon-1_|_GCF_900518735.1_EBS10Xv2
SLC30,SLC30A6_exon-1_|_GCF_900518735.1_EBS10Xv2_1
SLC30,SLC30A6_exon-10_|_GCF_900518735.1_EBS10Xv2
SLC30,SLC30A6_exon-11_|_GCF_900518735.1_EBS10Xv2
SLC30,SLC30A6_exon-12_|_GCF_900518735.1_EBS10Xv2
SLC30,SLC30A6_exon-13_|_GCF_900518735.1_EBS10Xv2
SLC30,SLC30A6_exon-14_|_GCF_900518735.1_EBS10Xv2
SLC30,SLC30A6_exon-2_|_GCF_900518735.1_EBS10Xv2
SLC30,SLC30A6_exon-3_|_GCF_900518735.1_EBS10Xv2
SLC30,SLC30A6_exon-3_|_GCF_900518735.1_EBS10Xv2_2
SLC30,SLC30A6_exon-4_|_GCF_900518735.1_EBS10Xv2
SLC30,SLC30A6_exon-5_|_GCF_900518735.1_EBS10Xv2
SLC30,SLC30A6_exon-6_|_GCF_900518735.1_EBS10Xv2
SLC30,SLC30A6_exon-7_|_GCF_900518735.1_EBS10Xv2
SLC30,SLC30A6_exon-8_|_GCF_900518735.1_EBS10Xv2
SLC30,SLC30A6_exon-9_|_GCF_900518735.1_EBS10Xv2
svMMP,Genome_Toxin29685_svMMP
svMMP,Genome_Toxin29686_svMMP
svMMP,Genome_Toxin29687_svMMP
svMMP,Genome_Toxin29688_svMMP
svMMP,Genome_Toxin29689_svMMP
svMMP,Genome_Toxin29690_svMMP
svMMP,Genome_Toxin29691_svMMP
svMMP,Genome_Toxin29692_svMMP
svMMP,Genome_Toxin29694_svMMP
svMMP,Genome_Toxin29695_svMMP
svMMP,Genome_Toxin29696_svMMP
svMMP,Genome_Toxin29697_svMMP
svMMP,Genome_Toxin29698_svMMP
svMMP,Genome_Toxin29699_svMMP
svMMP,Genome_Toxin29700_svMMP
svMMP,Genome_Toxin29701_svMMP
svMMP,Genome_Toxin29702_svMMP
svMMP,Genome_Toxin29703_svMMP
svMMP,Genome_Toxin29704_svMMP
svMMP,Genome_Toxin29705_svMMP
svMMP,Genome_Toxin29706_svMMP
svMMP,Genome_Toxin29709_svMMP
svMMP,Genome_Toxin29710_svMMP
svMMP,Genome_Toxin29711_svMMP
svMMP,Genome_Toxin29712_svMMP
svMMP,Genome_Toxin29713_svMMP
svMMP,Genome_Toxin29714_svMMP
svMMP,Genome_Toxin29717_svMMP
svMMP,Genome_Toxin29718_svMMP
svMMP,Genome_Toxin29719_svMMP
svMMP,Genome_Toxin29720_svMMP
svMMP,Genome_Toxin29722_svMMP
svMMP,Genome_Toxin29723_svMMP
svMMP,Genome_Toxin29726_svMMP
svMMP,Genome_Toxin29727_svMMP
svMMP,Genome_Toxin29729_svMMP
svMMP,Genome_Toxin29732_svMMP
svMMP,Genome_Toxin29733_svMMP
svMMP,Genome_Toxin29735_svMMP
svMMP,Genome_Toxin29736_svMMP
svMMP,Genome_Toxin29737_svMMP
svMMP,Genome_Toxin29738_svMMP
svMMP,Genome_Toxin29739_svMMP
svMMP,Genome_Toxin29740_svMMP
svMMP,Genome_Toxin29741_svMMP
svMMP,Genome_Toxin29742_svMMP
svMMP,Genome_Toxin29744_svMMP
svMMP,Genome_Toxin29747_svMMP
svMMP,Genome_Toxin29748_svMMP
svMMP,Genome_Toxin29750_svMMP
svMMP,Genome_Toxin29751_svMMP
svMMP,Genome_Toxin29752_svMMP
svMMP,Genome_Toxin29754_svMMP
svMMP,Genome_Toxin29755_svMMP
svMMP,Genome_Toxin29757_svMMP
SVMP-III,Genome_Toxin13285_SVMP
SVMP-III,Genome_Toxin15681_SVMP
SVMP-III,Genome_Toxin682_SVMP
SVMP-III,Genome_Toxin704_SVMP
SVMP-III,Genome_Toxin782_SVMP
SVMP-III,Genome_Toxin849_SVMP
SVMP-III,Genome_Toxin890_SVMP
SVMP-III,LOC113445650_exon-1_|_GCF_900518735.1_EBS10Xv2
SVMP-III,LOC113445650_exon-10_|_GCF_900518735.1_EBS10Xv2
SVMP-III,LOC113445650_exon-11_|_GCF_900518735.1_EBS10Xv2
SVMP-III,LOC113445650_exon-12_|_GCF_900518735.1_EBS10Xv2
SVMP-III,LOC113445650_exon-13_|_GCF_900518735.1_EBS10Xv2
SVMP-III,LOC113445650_exon-14_|_GCF_900518735.1_EBS10Xv2
SVMP-III,LOC113445650_exon-15_|_GCF_900518735.1_EBS10Xv2
SVMP-III,LOC113445650_exon-17_|_GCF_900518735.1_EBS10Xv2
SVMP-III,LOC113445650_exon-3_|_GCF_900518735.1_EBS10Xv2
SVMP-III,LOC113445650_exon-4_|_GCF_900518735.1_EBS10Xv2
SVMP-III,LOC113445650_exon-5_|_GCF_900518735.1_EBS10Xv2
SVMP-III,LOC113445650_exon-6_|_GCF_900518735.1_EBS10Xv2
SVMP-III,LOC113445650_exon-7_|_GCF_900518735.1_EBS10Xv2
SVMP-III,LOC113445650_exon-8_|_GCF_900518735.1_EBS10Xv2
SVMP-III,LOC113445650_exon-9_|_GCF_900518735.1_EBS10Xv2
SVMP-III,LOC113445651_exon-1_|_GCF_900518735.1_EBS10Xv2
SVMP-III,LOC113445651_exon-10_|_GCF_900518735.1_EBS10Xv2
SVMP-III,LOC113445651_exon-11_|_GCF_900518735.1_EBS10Xv2
SVMP-III,LOC113445651_exon-12_|_GCF_900518735.1_EBS10Xv2
SVMP-III,LOC113445651_exon-13_|_GCF_900518735.1_EBS10Xv2
SVMP-III,LOC113445651_exon-14_|_GCF_900518735.1_EBS10Xv2
SVMP-III,LOC113445651_exon-15_|_GCF_900518735.1_EBS10Xv2
SVMP-III,LOC113445651_exon-16_|_GCF_900518735.1_EBS10Xv2
SVMP-III,LOC113445651_exon-2_|_GCF_900518735.1_EBS10Xv2
SVMP-III,LOC113445651_exon-3_|_GCF_900518735.1_EBS10Xv2
SVMP-III,LOC113445651_exon-4_|_GCF_900518735.1_EBS10Xv2
SVMP-III,LOC113445651_exon-5_|_GCF_900518735.1_EBS10Xv2
SVMP-III,LOC113445651_exon-6_|_GCF_900518735.1_EBS10Xv2
SVMP-III,LOC113445651_exon-7_|_GCF_900518735.1_EBS10Xv2
SVMP-III,LOC113445651_exon-8_|_GCF_900518735.1_EBS10Xv2
SVMP-III,LOC113445651_exon-9_|_GCF_900518735.1_EBS10Xv2
SVMP-III,LOC113445652_exon-1_|_GCF_900518735.1_EBS10Xv2
SVMP-III,LOC113445652_exon-10_|_GCF_900518735.1_EBS10Xv2
SVMP-III,LOC113445652_exon-11_|_GCF_900518735.1_EBS10Xv2
SVMP-III,LOC113445652_exon-12_|_GCF_900518735.1_EBS10Xv2
SVMP-III,LOC113445652_exon-13_|_GCF_900518735.1_EBS10Xv2
SVMP-III,LOC113445652_exon-14_|_GCF_900518735.1_EBS10Xv2
SVMP-III,LOC113445652_exon-15_|_GCF_900518735.1_EBS10Xv2
SVMP-III,LOC113445652_exon-16_|_GCF_900518735.1_EBS10Xv2
SVMP-III,LOC113445652_exon-17_|_GCF_900518735.1_EBS10Xv2
SVMP-III,LOC113445652_exon-18_|_GCF_900518735.1_EBS10Xv2
SVMP-III,LOC113445652_exon-19_|_GCF_900518735.1_EBS10Xv2
SVMP-III,LOC113445652_exon-2_|_GCF_900518735.1_EBS10Xv2
SVMP-III,LOC113445652_exon-20_|_GCF_900518735.1_EBS10Xv2
SVMP-III,LOC113445652_exon-21_|_GCF_900518735.1_EBS10Xv2
SVMP-III,LOC113445652_exon-22_|_GCF_900518735.1_EBS10Xv2
SVMP-III,LOC113445652_exon-23_|_GCF_900518735.1_EBS10Xv2
SVMP-III,LOC113445652_exon-3_|_GCF_900518735.1_EBS10Xv2
SVMP-III,LOC113445652_exon-4_|_GCF_900518735.1_EBS10Xv2
SVMP-III,LOC113445652_exon-5_|_GCF_900518735.1_EBS10Xv2
SVMP-III,LOC113445652_exon-6_|_GCF_900518735.1_EBS10Xv2
SVMP-III,LOC113445652_exon-7_|_GCF_900518735.1_EBS10Xv2
SVMP-III,LOC113445652_exon-8_|_GCF_900518735.1_EBS10Xv2
SVMP-III,LOC113445652_exon-9_|_GCF_900518735.1_EBS10Xv2
SVMP-III,LOC113445653_exon-1_|_GCF_900518735.1_EBS10Xv2
SVMP-III,LOC113445653_exon-2_|_GCF_900518735.1_EBS10Xv2
SVMP-III,Sangercluster_11
SVMP-III,Transcriptome_SVMP
SVSP,Genome_Toxin1990_SVSP
SVSP,Genome_Toxin1991_SVSP
SVSP,Genome_Toxin2002_SVSP
SVSP,Genome_Toxin2007_SVSP
SVSP,Genome_Toxin2014_SVSP
SVSP,Genome_Toxin2079_SVSP
SVSP,Genome_Toxin2084_SVSP
SVSP,Genome_Toxin2090_SVSP
SVSP,Genome_Toxin2133_SVSP
SVSP,Genome_Toxin2163_SVSP
SVSP,Genome_Toxin2183_SVSP
SVSP,Genome_Toxin3480_SVSP
SVSP,Genome_Toxin3493_SVSP
SVSP,Genome_Toxin3587_SVSP
SVSP,Genome_Toxin3588_SVSP
SVSP,Genome_Toxin3591_SVSP
SVSP,Genome_Toxin3636_SVSP
SVSP,Genome_Toxin3642_SVSP
SVSP,Genome_Toxin3643_SVSP
SVSP,Genome_Toxin3652_SVSP
SVSP,Genome_Toxin3773_SVSP
SVSP,Genome_Toxin3774_SVSP
SVSP,Genome_Toxin3792_SVSP
SVSP,Genome_Toxin3829_SVSP
SVSP,Genome_Toxin3835_SVSP
SVSP,Genome_Toxin3871_SVSP
SVSP,Genome_Toxin3910_SVSP
SVSP,Genome_Toxin3934_SVSP
SVSP,Genome_Toxin3987_SVSP
SVSP,Genome_Toxin4088_SVSP
SVSP,Genome_Toxin4120_SVSP
SVSP,Genome_Toxin4136_SVSP
SVSP,Genome_Toxin4137_SVSP
SVSP,Genome_Toxin4182_SVSP
SVSP,Genome_Toxin4220_SVSP
SVSP,Genome_Toxin4242_SVSP
SVSP,Genome_Toxin4386_SVSP
SVSP,Genome_Toxin4461_SVSP
SVSP,Genome_Toxin4590_SVSP
SVSP,Genome_Toxin4597_SVSP
SVSP,Genome_Toxin4643_SVSP
SVSP,Genome_Toxin4696_SVSP
SVSP,Genome_Toxin4700_SVSP
SVSP,Genome_Toxin4758_SVSP
SVSP,Genome_Toxin4785_SVSP
SVSP,Genome_Toxin4792_SVSP
SVSP,Genome_Toxin4793_SVSP
SVSP,Genome_Toxin4996_SVSP
SVSP,Genome_Toxin5062_SVSP
SVSP,Genome_Toxin5162_SVSP
SVSP,Genome_Toxin5165_SVSP
SVSP,Genome_Toxin5304_SVSP
SVSP,Genome_Toxin5353_SVSP
SVSP,Genome_Toxin5383_SVSP
SVSP,Genome_Toxin5435_SVSP
SVSP,Genome_Toxin5471_SVSP
SVSP,Genome_Toxin5627_SVSP
SVSP,Genome_Toxin5630_SVSP
SVSP,Genome_Toxin5777_SVSP
SVSP,Genome_Toxin5781_SVSP
SVSP,Genome_Toxin5798_SVSP
SVSP,Genome_Toxin5803_SVSP
SVSP,Genome_Toxin5807_SVSP
SVSP,Genome_Toxin5816_SVSP
SVSP,Genome_Toxin5820_SVSP
SVSP,Genome_Toxin5835_SVSP
SVSP,Genome_Toxin5920_SVSP
SVSP,Genome_Toxin5952_SVSP
SVSP,Genome_Toxin5998_SVSP
SVSP,Genome_Toxin6046_SVSP
SVSP,Genome_Toxin6197_SVSP
SVSP,Genome_Toxin6206_SVSP
SVSP,Genome_Toxin6217_SVSP
SVSP,Genome_Toxin6219_SVSP
SVSP,Genome_Toxin6223_SVSP
SVSP,Genome_Toxin6309_SVSP
SVSP,Genome_Toxin6415_SVSP
SVSP,Genome_Toxin6501_SVSP
SVSP,Genome_Toxin6502_SVSP
SVSP,Genome_Toxin8973_CoagFactor
SVSP,LOC113446162_exon-2_|_GCF_900518735.1_EBS10Xv2
SVSP,LOC113446162_exon-3_|_GCF_900518735.1_EBS10Xv2
SVSP,LOC113446162_exon-4_|_GCF_900518735.1_EBS10Xv2
SVSP,LOC113446162_exon-5_|_GCF_900518735.1_EBS10Xv2
SVSP,LOC113446162_exon-6_|_GCF_900518735.1_EBS10Xv2
SVSP,LOC113448234_exon-1_|_GCF_900518735.1_EBS10Xv2
SVSP,LOC113448234_exon-1_|_GCF_900518735.1_EBS10Xv2_24
SVSP,LOC113448234_exon-2_|_GCF_900518735.1_EBS10Xv2
SVSP,LOC113448234_exon-3_|_GCF_900518735.1_EBS10Xv2
SVSP,LOC113448234_exon-5_|_GCF_900518735.1_EBS10Xv2
SVSP,Sangercluster_31
SVSP_CFX,Genome_Toxin2031_SVSP
SVSP_CFX,Genome_Toxin6709_CFVII
SVSP_CFX,Sangercluster_13
SVSP_CFX,Sangercluster_14
SVSP_CFX,Sangercluster_29
TCTP,Genome_Toxin652_TCTP
TCTP,Genome_Toxin653_TCTP
TCTP,Genome_Toxin654_TCTP
TCTP,Genome_Toxin6987_tumor
TCTP,Genome_Toxin6988_tumor
TCTP,TPT1_exon-1_|_GCF_900518735.1_EBS10Xv2
TCTP,TPT1_exon-2_|_GCF_900518735.1_EBS10Xv2
TCTP,TPT1_exon-3_|_GCF_900518735.1_EBS10Xv2
TCTP,TPT1_exon-6_|_GCF_900518735.1_EBS10Xv2
TMEM,TMEM52_exon-1_|_GCF_900518735.1_EBS10Xv2
TMEM,TMEM52_exon-2_|_GCF_900518735.1_EBS10Xv2
TTC23,TTC23L_exon-2_|_GCF_900518735.1_EBS10Xv2
TTC23,TTC23L_exon-3_|_GCF_900518735.1_EBS10Xv2
TTC23,TTC23L_exon-4_|_GCF_900518735.1_EBS10Xv2
TTC23,TTC23L_exon-5_|_GCF_900518735.1_EBS10Xv2
TTC23,TTC23L_exon-6_|_GCF_900518735.1_EBS10Xv2
UNCHAR,GDAD01000088.1
UNCHAR,GDAD01000095.1
UNCHAR,GDAD01000108.1
UNCHAR,GDAD01000132.1
UNCHAR,GDAD01000134.1
UNCHAR,GDAD01000142.1
UNCHAR,GDAD01000162.1
UNCHAR,GDAD01000182.1
UNCHAR,GDAD01000196.1
UNCHAR,GDAD01000203.1
UNCHAR,GDAD01000204.1
UNCHAR,GDAD01000205.1
UNCHAR,GDAD01000209.1
UNCHAR,GDAD01000214.1
UNCHAR,GDAD01000217.1
UNCHAR,GDAD01000218.1
UNCHAR,GDAD01000220.1
UNCHAR,GDAD01000235.1
UNCHAR,GDAD01000245.1
UNCHAR,GDAD01000249.1
UNCHAR,GDAD01000251.1
UNCHAR,GDAD01000252.1
UNCHAR,GDAD01000261.1
UNCHAR,GDAD01000273.1
UNCHAR,GDAD01000276.1
UNCHAR,GDAD01000277.1
UNCHAR,GDAD01000281.1
UNCHAR,GDAD01000285.1
UNCHAR,GDAD01000291.1
UNCHAR,GDAD01000292.1
UNCHAR,GDAD01000300.1
UNCHAR,GDAD01000304.1
UNCHAR,GDAD01000338.1
UNCHAR,GDAD01000343.1
UNCHAR,GDAD01000344.1
UNCHAR,GDAD01000350.1
UNCHAR,GDAD01000351.1
UNCHAR,GDAD01000367.1
UNCHAR,GDAD01000378.1
UNCHAR,GDAD01000394.1
UNCHAR,GDAD01000404.1
UNCHAR,GDAD01000407.1
UNCHAR,GDAD01000408.1
UNCHAR,GDAD01000419.1
UNCHAR,GDAD01000422.1
UNCHAR,GDAD01000433.1
UNCHAR,GDAD01000435.1
UNCHAR,GDAD01000445.1
UNCHAR,GDAD01000448.1
UNCHAR,GDAD01000454.1
UNCHAR,GDAD01000460.1
UNCHAR,GDAD01000473.1
UNCHAR,GDAD01000481.1
UNCHAR,GDAD01000485.1
UNCHAR,GDAD01000487.1
UNCHAR,GDAD01000493.1
UNCHAR,GDAD01000494.1
UNCHAR,GDAD01000497.1
UNCHAR,GDAD01000499.1
UNCHAR,GDAD01000506.1
UNCHAR,GDAD01000510.1
UNCHAR,GDAD01000520.1
UNCHAR,GDAD01000523.1
UNCHAR,GDAD01000533.1
UNCHAR,GDAD01000538.1
UNCHAR,GDAD01000556.1
UNCHAR,GDAD01000562.1
UNCHAR,GDAD01000575.1
UNCHAR,GDAD01000583.1
UNCHAR,GDAD01000599.1
UNCHAR,GDAD01000603.1
UNCHAR,GDAD01000605.1
UNCHAR,GDAD01000609.1
UNCHAR,GDAD01000611.1
UNCHAR,GDAD01000617.1
UNCHAR,GDAD01000619.1
UNCHAR,GDAD01000621.1
UNCHAR,GDAD01000624.1
UNCHAR,GDAD01000627.1
UNCHAR,GDAD01000629.1
UNCHAR,GDAD01000638.1
UNCHAR,GDAD01000645.1
UNCHAR,GDAD01000650.1
UNCHAR,GDAD01000653.1
UNCHAR,GDAD01000657.1
UNCHAR,GDAD01000660.1
UNCHAR,GDAD01000665.1
UNCHAR,GDAD01000666.1
UNCHAR,GDAD01000668.1
UNCHAR,GDAD01000670.1
UNCHAR,GDAD01000682.1
UNCHAR,GDAD01000690.1
UNCHAR,GDAD01000693.1
UNCHAR,GDAD01000698.1
UNCHAR,GDAD01000700.1
UNCHAR,GDAD01000701.1
UNCHAR,GDAD01000705.1
UNCHAR,GDAD01000731.1
UNCHAR,GDAD01000735.1
UNCHAR,GDAD01000749.1
UNCHAR,GDAD01000756.1
UNCHAR,GDAD01000759.1
UNCHAR,GDAD01000761.1
UNCHAR,GDAD01000763.1
UNCHAR,GDAD01000769.1
UNCHAR,GDAD01000777.1
UNCHAR,GDAD01000798.1
UNCHAR,GDAD01000803.1
UNCHAR,GDAD01000805.1
UNCHAR,GDAD01000808.1
UNCHAR,GDAD01000810.1
UNCHAR,GDAD01000822.1
UNCHAR,GDAD01000834.1
UNCHAR,GDAD01000841.1
UNCHAR,GDAD01000845.1
UNCHAR,GDAD01000857.1
UNCHAR,GDAD01000868.1
UNCHAR,GDAD01000874.1
UNCHAR,GDAD01000878.1
UNCHAR,GDAD01000884.1
UNCHAR,GDAD01000886.1
UNCHAR,GDAD01000893.1
UNCHAR,GDAD01000897.1
UNCHAR,GDAD01000918.1
UNCHAR,GDAD01000921.1
UNCHAR,GDAD01000936.1
UNCHAR,GDAD01000937.1
UNCHAR,GDAD01000945.1
UNCHAR,GDAD01000946.1
UNCHAR,GDAD01000949.1
UNCHAR,GDAD01000955.1
UNCHAR,GDAD01000957.1
UNCHAR,GDAD01000963.1
UNCHAR,GDAD01000966.1
UNCHAR,GDAD01000975.1
UNCHAR,GDAD01000979.1
UNCHAR,GDAD01000981.1
UNCHAR,GDAD01000982.1
UNCHAR,GDAD01000986.1
UNCHAR,GDAD01000988.1
UNCHAR,GDAD01000992.1
UNCHAR,GDAD01000995.1
UNCHAR,GDAD01000997.1
UNCHAR,GDAD01001001.1
UNCHAR,GDAD01001023.1
UNCHAR,GDAD01001024.1
UNCHAR,GDAD01001032.1
UNCHAR,GDAD01001056.1
UNCHAR,GDAD01001057.1
UNCHAR,GDAD01001071.1
UNCHAR,GDAD01001084.1
UNCHAR,GDAD01001092.1
UNCHAR,GDAD01001107.1
UNCHAR,GDAD01001108.1
UNCHAR,GDAD01001117.1
UNCHAR,GDAD01001124.1
UNCHAR,GDAD01001134.1
UNCHAR,GDAD01001146.1
UNCHAR,GDAD01001151.1
UNCHAR,GDAD01001152.1
UNCHAR,GDAD01001160.1
UNCHAR,GDAD01001170.1
UNCHAR,GDAD01001172.1
UNCHAR,GDAD01001183.1
UNCHAR,GDAD01001187.1
UNCHAR,GDAD01001189.1
UNCHAR,GDAD01001191.1
UNCHAR,GDAD01001208.1
UNCHAR,GDAD01001210.1
UNCHAR,GDAD01001211.1
UNCHAR,GDAD01001213.1
UNCHAR,GDAD01001221.1
UNCHAR,GDAD01001224.1
UNCHAR,GDAD01001240.1
UNCHAR,GDAD01001243.1
UNCHAR,GDAD01001244.1
UNCHAR,GDAD01001250.1
UNCHAR,GDAD01001255.1
UNCHAR,GDAD01001267.1
UNCHAR,GDAD01001281.1
UNCHAR,GDAD01001283.1
UNCHAR,GDAD01001291.1
UNCHAR,GDAD01001292.1
UNCHAR,GDAD01001300.1
UNCHAR,GDAD01001303.1
UNCHAR,GDAD01001306.1
UNCHAR,GDAD01001309.1
UNCHAR,GDAD01001310.1
UNCHAR,GDAD01001319.1
UNCHAR,GDAD01001320.1
UNCHAR,GDAD01001332.1
UNCHAR,GDAD01001335.1
UNCHAR,GDAD01001339.1
UNCHAR,GDAD01001346.1
UNCHAR,GDAD01001350.1
UNCHAR,GDAD01001356.1
UNCHAR,GDAD01001361.1
UNCHAR,GDAD01001365.1
UNCHAR,GDAD01001367.1
UNCHAR,GDAD01001368.1
UNCHAR,GDAD01001376.1
UNCHAR,GDAD01001377.1
UNCHAR,GDAD01001388.1
UNCHAR,GDAD01001396.1
UNCHAR,GDAD01001400.1
UNCHAR,GDAD01001405.1
UNCHAR,GDAD01001407.1
UNCHAR,GDAD01001411.1
UNCHAR,GDAD01001421.1
UNCHAR,GDAD01001422.1
UNCHAR,GDAD01001439.1
UNCHAR,GDAD01001449.1
UNCHAR,GDAD01001450.1
UNCHAR,GDAD01001451.1
UNCHAR,GDAD01001455.1
UNCHAR,GDAD01001460.1
UNCHAR,GDAD01001471.1
UNCHAR,GDAD01001478.1
UNCHAR,GDAD01001479.1
UNCHAR,LOC113445654_exon-1_|_GCF_900518735.1_EBS10Xv2
UNCHAR,Sangercluster_100
UNCHAR,Sangercluster_23
UNCHAR,Sangercluster_3
UNCHAR,Sangercluster_45
UNCHAR,Sangercluster_58
UNCHAR,Sangercluster_80
UNCHAR,Sangercluster_85
VEGF,Genome_Toxin9792_VEGF
VEGF,Genome_Toxin9808_VEGF
VEGF,LOC113450301_exon-1_|_GCF_900518735.1_EBS10Xv2
VEGF,LOC113450301_exon-2_|_GCF_900518735.1_EBS10Xv2
VEGF,LOC113450301_exon-3_|_GCF_900518735.1_EBS10Xv2
VEGF,LOC113450301_exon-4_|_GCF_900518735.1_EBS10Xv2
VEGF,LOC113450301_exon-5_|_GCF_900518735.1_EBS10Xv2
VEGF,LOC113453194_exon-1_|_GCF_900518735.1_EBS10Xv2
VEGF,LOC113453194_exon-2_|_GCF_900518735.1_EBS10Xv2
VEGF,LOC113453194_exon-3_|_GCF_900518735.1_EBS10Xv2
VEGF,LOC113453194_exon-4_|_GCF_900518735.1_EBS10Xv2
VEGF,LOC113453194_exon-5_|_GCF_900518735.1_EBS10Xv2
VEGF,LOC113453194_exon-6_|_GCF_900518735.1_EBS10Xv2
VEGF,PDGFA_exon-1_|_GCF_900518735.1_EBS10Xv2
VEGF,PDGFA_exon-1_|_GCF_900518735.1_EBS10Xv2_6
VEGF,PDGFA_exon-2_|_GCF_900518735.1_EBS10Xv2
VEGF,PDGFA_exon-3_|_GCF_900518735.1_EBS10Xv2
VEGF,PDGFA_exon-4_|_GCF_900518735.1_EBS10Xv2
VEGF,PDGFA_exon-5_|_GCF_900518735.1_EBS10Xv2
VEGF,PDGFA_exon-6_|_GCF_900518735.1_EBS10Xv2
VEGF,PDGFA_exon-6_|_GCF_900518735.1_EBS10Xv2_5
VEGF,PDGFB_exon-1_|_GCF_900518735.1_EBS10Xv2
VEGF,PDGFB_exon-3_|_GCF_900518735.1_EBS10Xv2
VEGF,PDGFB_exon-4_|_GCF_900518735.1_EBS10Xv2
VEGF,PDGFB_exon-5_|_GCF_900518735.1_EBS10Xv2
VEGF,PDGFB_exon-6_|_GCF_900518735.1_EBS10Xv2
VEGF,PDGFB_exon-7_|_GCF_900518735.1_EBS10Xv2
VEGF,PDGFB_exon-8_|_GCF_900518735.1_EBS10Xv2
VEGF,PDGFC_exon-1_|_GCF_900518735.1_EBS10Xv2
VEGF,PDGFC_exon-2_|_GCF_900518735.1_EBS10Xv2
VEGF,PDGFC_exon-3_|_GCF_900518735.1_EBS10Xv2
VEGF,PDGFC_exon-4_|_GCF_900518735.1_EBS10Xv2
VEGF,PDGFC_exon-5_|_GCF_900518735.1_EBS10Xv2
VEGF,PDGFC_exon-6_|_GCF_900518735.1_EBS10Xv2
VEGF,PDGFD_exon-1_|_GCF_900518735.1_EBS10Xv2
VEGF,PDGFD_exon-2_|_GCF_900518735.1_EBS10Xv2
VEGF,PDGFD_exon-3_|_GCF_900518735.1_EBS10Xv2
VEGF,PDGFD_exon-4_|_GCF_900518735.1_EBS10Xv2
VEGF,PDGFD_exon-4_|_GCF_900518735.1_EBS10Xv2_12
VEGF,PDGFD_exon-5_|_GCF_900518735.1_EBS10Xv2
VEGF,PDGFD_exon-6_|_GCF_900518735.1_EBS10Xv2
VEGF,PGF_exon-1_|_GCF_900518735.1_EBS10Xv2
VEGF,PGF_exon-2_|_GCF_900518735.1_EBS10Xv2
VEGF,PGF_exon-3_|_GCF_900518735.1_EBS10Xv2
VEGF,PGF_exon-4_|_GCF_900518735.1_EBS10Xv2
VEGF,PGF_exon-6_|_GCF_900518735.1_EBS10Xv2
VEGF,PGF_exon-6_|_GCF_900518735.1_EBS10Xv2_41
VEGF,Sangercluster_41
VEGF,Sangercluster_55
VEGF,Transcriptome_VEGF
VEGF,VEGFA_exon-10_|_GCF_900518735.1_EBS10Xv2
VEGF,VEGFA_exon-2_|_GCF_900518735.1_EBS10Xv2
VEGF,VEGFA_exon-3_|_GCF_900518735.1_EBS10Xv2
VEGF,VEGFA_exon-4_|_GCF_900518735.1_EBS10Xv2
VEGF,VEGFA_exon-5_|_GCF_900518735.1_EBS10Xv2
VEGF,VEGFA_exon-6_|_GCF_900518735.1_EBS10Xv2
VEGF,VEGFA_exon-7_|_GCF_900518735.1_EBS10Xv2
VEGF,VEGFA_exon-8_|_GCF_900518735.1_EBS10Xv2
VEGF,VEGFA_exon-9_|_GCF_900518735.1_EBS10Xv2
VEGF,VEGFC_exon-1_|_GCF_900518735.1_EBS10Xv2
VEGF,VEGFC_exon-2_|_GCF_900518735.1_EBS10Xv2
VEGF,VEGFC_exon-3_|_GCF_900518735.1_EBS10Xv2
VEGF,VEGFC_exon-4_|_GCF_900518735.1_EBS10Xv2
VEGF,VEGFC_exon-5_|_GCF_900518735.1_EBS10Xv2
VEGF,VEGFC_exon-6_|_GCF_900518735.1_EBS10Xv2
VEGF,VEGFC_exon-7_|_GCF_900518735.1_EBS10Xv2
Vespryn,Genome_Toxin15925_Vespryn
Vespryn,Genome_Toxin15926_Vespryn
Vespryn,Sangercluster_28
VF,Genome_Toxin2263_VCO3
VF,LOC113452150_exon-1_|_GCF_900518735.1_EBS10Xv2
VF,LOC113452150_exon-10_|_GCF_900518735.1_EBS10Xv2
VF,LOC113452150_exon-11_|_GCF_900518735.1_EBS10Xv2
VF,LOC113452150_exon-12_|_GCF_900518735.1_EBS10Xv2
VF,LOC113452150_exon-13_|_GCF_900518735.1_EBS10Xv2
VF,LOC113452150_exon-14_|_GCF_900518735.1_EBS10Xv2
VF,LOC113452150_exon-15_|_GCF_900518735.1_EBS10Xv2
VF,LOC113452150_exon-16_|_GCF_900518735.1_EBS10Xv2
VF,LOC113452150_exon-17_|_GCF_900518735.1_EBS10Xv2
VF,LOC113452150_exon-18_|_GCF_900518735.1_EBS10Xv2
VF,LOC113452150_exon-19_|_GCF_900518735.1_EBS10Xv2
VF,LOC113452150_exon-20_|_GCF_900518735.1_EBS10Xv2
VF,LOC113452150_exon-21_|_GCF_900518735.1_EBS10Xv2
VF,LOC113452150_exon-22_|_GCF_900518735.1_EBS10Xv2
VF,LOC113452150_exon-4_|_GCF_900518735.1_EBS10Xv2
VF,LOC113452150_exon-6_|_GCF_900518735.1_EBS10Xv2
VF,LOC113452150_exon-7_|_GCF_900518735.1_EBS10Xv2
VF,LOC113452150_exon-8_|_GCF_900518735.1_EBS10Xv2
VF,LOC113452150_exon-9_|_GCF_900518735.1_EBS10Xv2
VF,Sangercluster_1
VF,Sangercluster_34
VF,Sangercluster_5
VF,Sangercluster_60
Waprin,Genome_Toxin26377_Waprin
Waprin,Genome_Toxin26379_Waprin
Waprin,LOC113434249_exon-1_|_GCF_900518735.1_EBS10Xv2
Waprin,LOC113434249_exon-2_|_GCF_900518735.1_EBS10Xv2
Waprin,LOC113434249_exon-3_|_GCF_900518735.1_EBS10Xv2
Waprin,LOC113434249_exon-4_|_GCF_900518735.1_EBS10Xv2
Waprin,LOC113452065_exon-1_|_GCF_900518735.1_EBS10Xv2
Waprin,LOC113452065_exon-2_|_GCF_900518735.1_EBS10Xv2
Waprin,LOC113452065_exon-3_|_GCF_900518735.1_EBS10Xv2
Waprin,LOC113452065_exon-4_|_GCF_900518735.1_EBS10Xv2
Waprin,Sangercluster_112
Waprin,Sangercluster_21
Waprin,Transcriptome_WP